App,Package,Start Time,Duration,Filename
"System",,"ago 27, 2018 @ 07:53:20 PM","7 min 25 sec",""

Time  [ms],"GPU Frequency [KHz]",Time  [ms],"GPU Load [%]",
0,0,2,0,
102,0,102,0,
202,0,202,0,
302,0,303,0,
403,0,403,0,
503,0,504,0,
604,0,607,0,
704,0,705,0,
804,0,807,0,
904,0,906,0,
1005,0,1006,0,
1108,0,1108,0,
1210,0,1211,0,
1311,0,1311,0,
1412,0,1413,0,
1512,0,1513,0,
1615,0,1616,0,
1713,0,1714,0,
1814,0,1815,0,
1914,0,1915,0,
2014,0,2015,0,
2115,0,2115,0,
2215,0,2216,0,
2316,0,2317,0,
2416,0,2416,0,
2517,0,2517,0,
2617,0,2618,0,
2717,0,2718,0,
2818,0,2818,0,
2918,0,2919,0,
3018,0,3019,0,
3119,0,3119,0,
3219,0,3220,0,
3319,0,3320,0,
3419,0,3420,0,
3520,0,3520,0,
3620,0,3621,0,
3720,0,3721,0,
3821,0,3822,0,
3921,0,3924,0,
4022,0,4023,0,
4123,0,4125,0,
4225,0,4227,0,
4326,0,4327,0,
4427,0,4428,0,
4528,0,4530,0,
4628,0,4630,0,
4729,0,4730,0,
4830,0,4833,0,
4933,0,4934,0,
5031,0,5032,0,
5132,0,5134,0,
5233,0,5234,0,
5334,0,5335,0,
5435,0,5437,0,
5536,0,5537,0,
5637,0,5638,0,
5739,0,5741,0,
5838,0,5839,0,
5940,0,5941,0,
6040,0,6041,0,
6141,0,6143,0,
6241,0,6241,0,
6342,0,6343,0,
6443,0,6444,0,
6544,0,6545,0,
6645,0,6646,0,
6746,0,6747,0,
6847,0,6849,0,
6947,0,6947,0,
7047,0,7048,0,
7148,0,7148,0,
7247,0,7248,0,
7348,0,7348,0,
7448,0,7449,0,
7548,0,7549,0,
7649,0,7651,0,
7749,0,7750,0,
7850,0,7850,0,
7950,0,7951,0,
8050,0,8051,0,
8152,0,8153,0,
8252,0,8253,0,
8352,0,8353,0,
8452,0,8453,0,
8553,0,8553,0,
8653,0,8654,0,
8753,0,8754,0,
8854,0,8854,0,
8954,0,8954,0,
9054,0,9055,0,
9154,0,9155,0,
9256,0,9256,0,
9355,0,9356,0,
9456,0,9456,0,
9556,0,9556,0,
9656,0,9657,0,
9756,0,9757,0,
9857,0,9857,0,
9957,0,9957,0,
10057,0,10058,0,
10158,0,10159,0,
10259,0,10259,0,
10359,0,10359,0,
10459,0,10460,0,
10560,0,10560,0,
10660,0,10660,0,
10760,0,10761,0,
10861,0,10861,0,
10961,0,10961,0,
11062,0,11062,0,
11162,0,11163,0,
11262,0,11263,0,
11363,0,11363,0,
11464,0,11464,0,
11564,0,11565,0,
11664,0,11665,0,
11765,0,11765,0,
11866,0,11866,0,
11966,0,11967,0,
12066,0,12067,0,
12167,0,12167,0,
12267,0,12268,0,
12368,0,12368,0,
12469,0,12470,0,
12569,0,12569,0,
12670,0,12671,0,
12770,0,12771,0,
12871,0,12872,0,
12971,0,12972,0,
13072,0,13072,0,
13172,0,13173,0,
13273,0,13273,0,
13375,0,13376,0,
13475,0,13478,0,
13576,0,13577,0,
13677,0,13678,0,
13778,0,13779,0,
13879,0,13879,0,
13979,0,13980,0,
14080,0,14080,0,
14180,0,14181,0,
14281,0,14283,0,
14382,0,14383,0,
14483,0,14484,0,
14584,0,14585,0,
14685,0,14685,0,
14785,0,14786,0,
14886,0,14888,0,
14987,0,14988,0,
15088,0,15090,0,
15190,0,15194,0,
15289,0,15291,0,
15390,0,15391,0,
15492,0,15494,0,
15593,0,15595,0,
15695,0,15699,0,
15795,0,15796,0,
15896,0,15896,0,
15997,0,15998,0,
16098,0,16099,0,
16199,0,16204,0,
16299,0,16300,0,
16401,0,16403,0,
16501,0,16504,0,
16602,0,16603,0,
16702,0,16703,0,
16803,0,16803,0,
16904,0,16906,0,
17007,0,17010,0,
17107,0,17111,0,
17208,0,17210,0,
17260,0,17262,0,
17360,0,17361,0,
17462,0,17463,0,
17563,0,17564,0,
17663,0,17664,0,
17763,0,17764,0,
17864,0,17865,0,
17965,0,17966,0,
18066,0,18068,0,
18166,0,18167,0,
18267,0,18267,0,
18368,0,18369,0,
18468,0,18469,0,
18569,0,18570,0,
18671,0,18672,0,
18772,0,18774,0,
18872,0,18872,0,
18973,0,18973,0,
19073,0,19074,0,
19174,0,19174,0,
19274,0,19275,0,
19374,0,19375,0,
19475,0,19476,0,
19575,0,19576,0,
19676,0,19676,0,
19776,0,19777,0,
19877,0,19878,0,
19978,0,19979,0,
20079,0,20079,0,
20179,0,20180,0,
20279,0,20280,0,
20380,0,20380,0,
20480,0,20481,0,
20581,0,20581,0,
20681,0,20682,0,
20782,0,20783,0,
20883,0,20883,0,
20983,0,20984,0,
21084,0,21084,0,
21184,0,21185,0,
21284,0,21285,0,
21385,0,21386,0,
21486,0,21487,0,
21586,0,21586,0,
21687,0,21687,0,
21787,0,21787,0,
21887,0,21888,0,
21987,0,21988,0,
22088,0,22088,0,
22189,0,22191,0,
22291,0,22292,0,
22392,0,22392,0,
22492,0,22493,0,
22594,0,22595,0,
22695,0,22695,0,
22797,0,22799,0,
22897,0,22898,0,
23000,0,23000,0,
23098,0,23098,0,
23198,0,23199,0,
23299,0,23300,0,
23400,0,23400,0,
23500,0,23501,0,
23600,0,23601,0,
23701,0,23702,0,
23802,0,23802,0,
23903,0,23903,0,
24003,0,24004,0,
24104,0,24104,0,
24204,0,24204,0,
24307,0,24308,0,
24408,0,24409,0,
24508,0,24508,0,
24609,0,24609,0,
24710,0,24711,0,
24811,0,24812,0,
24911,0,24911,0,
25011,0,25012,0,
25113,0,25114,0,
25213,0,25214,0,
25315,0,25315,0,
25415,0,25416,0,
25515,0,25516,0,
25616,0,25617,0,
25717,0,25717,0,
25819,0,25819,0,
25928,0,25929,0,
26021,0,26021,0,
26122,0,26122,0,
26226,0,26232,0,
26323,0,26323,0,
26425,0,26425,0,
26525,0,26526,0,
26629,0,26630,0,
26731,0,26732,0,
26832,0,26833,0,
26932,0,26934,0,
27033,0,27033,0,
27135,0,27135,0,
27236,0,27236,0,
27336,0,27337,0,
27437,0,27437,0,
27551,0,27552,0,
27601,0,27602,0,
27702,0,27704,0,
27802,0,27803,0,
27904,0,27905,0,
28004,0,28008,0,
28108,0,28108,0,
28205,0,28208,0,
28305,0,28306,0,
28408,0,28409,0,
28510,0,28511,0,
28613,0,28614,0,
28713,0,28714,0,
28816,0,28817,0,
28916,0,28917,0,
29017,0,29017,0,
29119,0,29120,0,
29220,0,29221,0,
29321,0,29323,0,
29425,0,29426,0,
29525,0,29525,0,
29629,0,29630,0,
29730,0,29745,0,
29834,0,29834,0,
29934,0,29935,0,
30036,0,30037,0,
30137,0,30137,0,
30237,0,30245,0,
30340,0,30340,0,
30441,0,30442,0,
30541,0,30542,0,
30642,0,30643,0,
30743,0,30744,0,
30844,0,30845,0,
30945,0,30946,0,
31045,0,31046,0,
31146,0,31146,0,
31248,0,31248,0,
31348,0,31348,0,
31448,0,31449,0,
31549,0,31550,0,
31650,0,31651,0,
31754,0,31761,0,
31858,0,31859,0,
31958,0,31959,0,
32057,0,32058,0,
32160,0,32160,0,
32264,0,32264,0,
32363,0,32364,0,
32464,0,32464,0,
32564,0,32565,0,
32667,0,32667,0,
32766,0,32767,0,
32868,0,32869,0,
32969,0,32970,0,
33071,0,33072,0,
33173,0,33174,0,
33276,0,33276,0,
33375,0,33376,0,
33476,0,33476,0,
33577,0,33578,0,
33677,0,33678,0,
33778,0,33779,0,
33879,0,33880,0,
33980,0,33981,0,
34030,0,34031,0,
34131,0,34132,0,
34232,0,34233,0,
34332,0,34333,0,
34433,0,34434,0,
34533,0,34534,0,
34634,0,34635,0,
34736,0,34737,0,
34836,0,34837,0,
34937,0,34937,0,
35038,0,35038,0,
35144,0,35145,0,
35245,0,35246,0,
35345,0,35346,0,
35446,0,35447,0,
35546,0,35547,0,
35647,0,35648,0,
35747,0,35748,0,
35850,0,35851,0,
35950,0,35951,0,
36052,0,36053,0,
36152,0,36153,0,
36253,0,36254,0,
36355,0,36356,0,
36456,0,36456,0,
36556,0,36556,0,
36658,0,36658,0,
36758,0,36759,0,
36859,0,36860,0,
36959,0,36960,0,
37064,0,37066,0,
37162,0,37163,0,
37263,0,37264,0,
37364,0,37364,0,
37464,0,37465,0,
37564,0,37565,0,
37665,0,37666,0,
37765,0,37766,0,
37866,0,37866,0,
37967,0,37967,0,
38067,0,38068,0,
38172,0,38173,0,
38275,0,38276,0,
38376,0,38377,0,
38477,0,38477,0,
38577,0,38578,0,
38677,0,38678,0,
38778,0,38779,0,
38879,0,38880,0,
38979,0,38980,0,
39081,0,39081,0,
39182,0,39183,0,
39282,0,39283,0,
39383,0,39384,0,
39483,0,39484,0,
39584,0,39584,0,
39684,0,39685,0,
39785,0,39786,0,
39887,0,39889,0,
39988,0,39993,0,
40092,0,40096,0,
40192,0,40193,0,
40290,0,40291,0,
40391,0,40392,0,
40492,0,40494,0,
40594,0,40595,0,
40693,0,40694,0,
40794,0,40794,0,
40896,0,40898,0,
40997,0,40999,0,
41097,0,41098,0,
41199,0,41200,0,
41298,0,41300,0,
41399,0,41400,0,
41500,0,41502,0,
41601,0,41601,0,
41701,0,41702,0,
41801,0,41802,0,
41902,0,41903,0,
42003,0,42004,0,
42103,0,42103,0,
42204,0,42205,0,
42307,0,42309,0,
42407,0,42407,0,
42508,0,42509,0,
42610,0,42610,0,
42710,0,42712,0,
42812,0,42812,0,
42911,0,42912,0,
43012,0,43013,0,
43113,0,43114,0,
43213,0,43214,0,
43314,0,43315,0,
43415,0,43415,0,
43516,0,43516,0,
43616,0,43617,0,
43717,0,43717,0,
43818,0,43819,0,
43918,0,43919,0,
44019,0,44020,0,
44120,0,44120,0,
44170,0,44171,0,
44270,0,44272,0,
44371,0,44372,0,
44471,0,44472,0,
44572,0,44573,0,
44672,0,44722,0,
44823,0,44825,0,
44925,0,44927,0,
45025,0,45027,0,
45075,0,45076,0,
45176,0,45177,0,
45278,0,45280,0,
45378,0,45379,0,
45479,0,45480,0,
45580,0,45583,0,
45681,0,45681,0,
45782,0,45782,0,
45882,0,45883,0,
45983,0,45984,0,
46084,0,46085,0,
46184,0,46185,0,
46285,0,46286,0,
46386,0,46387,0,
46487,0,46488,0,
46587,0,46588,0,
46688,0,46688,0,
46789,0,46789,0,
46892,0,46894,0,
46991,0,46991,0,
47092,0,47092,0,
47192,0,47193,0,
47293,0,47294,0,
47396,0,47398,0,
47495,0,47495,0,
47595,0,47596,0,
47697,0,47698,0,
47797,0,47798,0,
47899,0,47900,0,
48000,0,48000,0,
48101,0,48103,0,
48201,0,48201,0,
48302,0,48302,0,
48403,0,48403,0,
48503,0,48504,0,
48604,0,48604,0,
48705,0,48705,0,
48806,0,48809,0,
48908,0,48908,0,
49010,0,49010,0,
49110,0,49111,0,
49211,0,49211,0,
49312,0,49313,0,
49412,0,49413,0,
49512,0,49513,0,
49613,0,49613,0,
49713,0,49714,0,
49814,0,49814,0,
49916,0,49917,0,
50015,0,50016,0,
50117,0,50118,0,
50218,0,50219,0,
50324,0,50330,0,
50421,0,50422,0,
50520,0,50521,0,
50621,0,50622,0,
50724,0,50726,0,
50824,0,50828,0,
50923,0,50925,0,
51024,0,51025,0,
51126,0,51127,0,
51226,0,51227,0,
51326,0,51327,0,
51427,0,51428,0,
51528,0,51529,0,
51629,0,51630,0,
51730,0,51731,0,
51830,0,51831,0,
51931,0,51932,0,
52032,0,52033,0,
52133,0,52134,0,
52233,0,52234,0,
52334,0,52335,0,
52436,0,52437,0,
52537,0,52538,0,
52637,0,52637,0,
52737,0,52738,0,
52838,0,52839,0,
52941,0,52942,0,
53039,0,53040,0,
53141,0,53142,0,
53243,0,53243,0,
53345,0,53345,0,
53446,0,53447,0,
53546,0,53547,0,
53647,0,53648,0,
53747,0,53748,0,
53848,0,53849,0,
53949,0,53949,0,
54050,0,54050,0,
54151,0,54151,0,
54252,0,54253,0,
54353,0,54353,0,
54453,0,54454,0,
54556,0,54557,0,
54657,0,54658,0,
54758,0,54758,0,
54859,0,54859,0,
54959,0,54960,0,
55060,0,55060,0,
55161,0,55163,0,
55262,0,55263,0,
55362,0,55363,0,
55463,0,55463,0,
55563,0,55564,0,
55664,0,55665,0,
55765,0,55766,0,
55866,0,55867,0,
55966,0,55967,0,
56067,0,56068,0,
56169,0,56174,0,
56270,0,56271,0,
56370,0,56372,0,
56420,0,56421,0,
56521,0,56522,0,
56622,0,56623,0,
56723,0,56723,0,
56824,0,56825,0,
56925,0,56925,0,
57025,0,57026,0,
57127,0,57130,0,
57228,0,57228,0,
57328,0,57328,0,
57429,0,57429,0,
57530,0,57531,0,
57630,0,57631,0,
57731,0,57732,0,
57831,0,57832,0,
57932,0,57933,0,
58033,0,58034,0,
58134,0,58135,0,
58235,0,58236,0,
58335,0,58336,0,
58436,0,58436,0,
58537,0,58537,0,
58637,0,58637,0,
58738,0,58738,0,
58838,0,58839,0,
58942,0,58944,0,
59042,0,59043,0,
59142,0,59143,0,
59243,0,59244,0,
59344,0,59344,0,
59444,0,59445,0,
59546,0,59547,0,
59647,0,59647,0,
59747,0,59748,0,
59848,0,59850,0,
59948,0,59948,0,
60048,0,60049,0,
60149,0,60150,0,
60250,0,60251,0,
60350,0,60351,0,
60452,0,60453,0,
60553,0,60553,0,
60653,0,60654,0,
60754,0,60756,0,
60856,0,60858,0,
60960,0,60961,0,
61057,0,61058,0,
61159,0,61160,0,
61260,0,61260,0,
61360,0,61361,0,
61460,0,61461,0,
61561,0,61561,0,
61661,0,61662,0,
61762,0,61763,0,
61863,0,61864,0,
61963,0,61964,0,
62064,0,62064,0,
62164,0,62165,0,
62265,0,62265,0,
62365,0,62366,0,
62470,0,62471,0,
62567,0,62568,0,
62668,0,62669,0,
62769,0,62770,0,
62869,0,62870,0,
62969,0,62971,0,
63071,0,63072,0,
63172,0,63175,0,
63272,0,63275,0,
63374,0,63374,0,
63474,0,63475,0,
63574,0,63575,0,
63676,0,63676,0,
63778,0,63779,0,
63878,0,63879,0,
63978,0,63979,0,
64079,0,64080,0,
64179,0,64180,0,
64280,0,64280,0,
64380,0,64381,0,
64481,0,64481,0,
64581,0,64581,0,
64682,0,64682,0,
64783,0,64783,0,
64883,0,64883,0,
64983,0,64984,0,
65084,0,65084,0,
65186,0,65187,0,
65286,0,65286,0,
65386,0,65387,0,
65487,0,65487,0,
65587,0,65588,0,
65688,0,65688,0,
65789,0,65793,0,
65889,0,65890,0,
65993,0,65994,0,
66090,0,66091,0,
66192,0,66193,0,
66294,0,66294,0,
66394,0,66394,0,
66496,0,66497,0,
66597,0,66598,0,
66697,0,66697,0,
66797,0,66798,0,
66899,0,66899,0,
67004,0,67005,0,
67108,0,67109,0,
67211,0,67212,0,
67310,0,67312,0,
67361,0,67361,0,
67461,0,67461,0,
67562,0,67573,0,
67663,0,67664,0,
67764,0,67765,0,
67865,0,67866,0,
67966,0,67967,0,
68067,0,68068,0,
68170,0,68170,0,
68270,0,68271,0,
68370,0,68371,0,
68471,0,68472,0,
68572,0,68575,0,
68673,0,68674,0,
68773,0,68774,0,
68874,0,68875,0,
68974,0,68975,0,
69074,0,69075,0,
69175,0,69176,0,
69276,0,69276,0,
69376,0,69377,0,
69477,0,69478,0,
69579,0,69580,0,
69680,0,69681,0,
69781,0,69782,0,
69881,0,69882,0,
69982,0,69984,0,
70083,0,70083,0,
70184,0,70184,0,
70284,0,70285,0,
70385,0,70386,0,
70486,0,70487,0,
70586,0,70587,0,
70687,0,70688,0,
70788,0,70789,0,
70889,0,70890,0,
70992,0,71002,0,
71091,0,71092,0,
71192,0,71193,0,
71293,0,71293,0,
71393,0,71394,0,
71494,0,71495,0,
71595,0,71596,0,
71697,0,71697,0,
71797,0,71798,0,
71898,0,71899,0,
71998,0,71999,0,
72099,0,72100,0,
72200,0,72200,0,
72300,0,72301,0,
72402,0,72405,0,
72503,0,72504,0,
72603,0,72604,0,
72704,0,72705,0,
72805,0,72805,0,
72905,0,72906,0,
73006,0,73006,0,
73113,0,73114,0,
73213,0,73213,0,
73313,0,73316,0,
73413,0,73414,0,
73513,0,73514,0,
73615,0,73615,0,
73715,0,73715,0,
73816,0,73817,0,
73916,0,73917,0,
74017,0,74018,0,
74118,0,74118,0,
74218,0,74218,0,
74321,0,74321,0,
74420,0,74420,0,
74520,0,74521,0,
74621,0,74622,0,
74723,0,74723,0,
74823,0,74824,0,
74925,0,74928,0,
75029,0,75030,0,
75130,0,75131,0,
75230,0,75231,0,
75331,0,75332,0,
75436,0,75436,0,
75536,0,75537,0,
75637,0,75637,0,
75738,0,75738,0,
75838,0,75839,0,
75939,0,75940,0,
76041,0,76043,0,
76142,0,76142,0,
76243,0,76243,0,
76343,0,76344,0,
76444,0,76444,0,
76544,0,76545,0,
76645,0,76646,0,
76747,0,76750,0,
76847,0,76847,0,
76948,0,76948,0,
77049,0,77050,0,
77149,0,77150,0,
77250,0,77251,0,
77351,0,77352,0,
77451,0,77452,0,
77553,0,77554,0,
77605,0,77606,0,
77704,0,77704,0,
77804,0,77804,0,
77905,0,77914,0,
78005,0,78006,0,
78106,0,78106,0,
78206,0,78207,0,
78311,0,78312,0,
78410,0,78410,0,
78510,0,78511,0,
78611,0,78612,0,
78714,0,78715,0,
78812,0,78813,0,
78913,0,78914,0,
79013,0,79014,0,
79114,0,79114,0,
79215,0,79215,0,
79315,0,79316,0,
79416,0,79417,0,
79518,0,79518,0,
79618,0,79619,0,
79718,0,79719,0,
79819,0,79820,0,
79920,0,79921,0,
80021,0,80021,0,
80121,0,80122,0,
80222,0,80223,0,
80323,0,80324,0,
80424,0,80426,0,
80525,0,80525,0,
80626,0,80629,0,
80727,0,80727,0,
80828,0,80829,0,
80928,0,80929,0,
81029,0,81030,0,
81133,0,81135,0,
81231,0,81232,0,
81334,0,81335,0,
81433,0,81434,0,
81533,0,81534,0,
81634,0,81634,0,
81735,0,81735,0,
81835,0,81836,0,
81936,0,81937,0,
82037,0,82038,0,
82137,0,82138,0,
82238,0,82238,0,
82339,0,82339,0,
82439,0,82440,0,
82540,0,82542,0,
82641,0,82642,0,
82742,0,82743,0,
82843,0,82844,0,
82944,0,82944,0,
83044,0,83046,0,
83145,0,83147,0,
83246,0,83246,0,
83346,0,83347,0,
83447,0,83448,0,
83548,0,83549,0,
83648,0,83649,0,
83749,0,83750,0,
83849,0,83850,0,
83950,0,83950,0,
84051,0,84051,0,
84151,0,84152,0,
84253,0,84257,0,
84353,0,84354,0,
84453,0,84454,0,
84554,0,84554,0,
84655,0,84655,0,
84755,0,84756,0,
84857,0,84859,0,
84959,0,84962,0,
85058,0,85059,0,
85159,0,85160,0,
85259,0,85260,0,
85360,0,85361,0,
85461,0,85462,0,
85563,0,85563,0,
85663,0,85664,0,
85763,0,85764,0,
85864,0,85865,0,
85965,0,85965,0,
86066,0,86067,0,
86167,0,86168,0,
86268,0,86270,0,
86369,0,86369,0,
86469,0,86471,0,
86571,0,86571,0,
86672,0,86673,0,
86771,0,86772,0,
86872,0,86873,0,
86973,0,86975,0,
87075,0,87075,0,
87177,0,87179,0,
87276,0,87277,0,
87378,0,87380,0,
87478,0,87479,0,
87579,0,87580,0,
87679,0,87680,0,
87780,0,87780,0,
87880,0,87881,0,
87981,0,87982,0,
88082,0,88082,0,
88183,0,88183,0,
88286,0,88288,0,
88384,0,88385,0,
88485,0,88486,0,
88586,0,88587,0,
88687,0,88687,0,
88788,0,88788,0,
88888,0,88889,0,
88989,0,88992,0,
89094,0,89094,0,
89193,0,89193,0,
89295,0,89296,0,
89346,0,89346,0,
89446,0,89447,0,
89547,0,89547,0,
89647,0,89648,0,
89748,0,89748,0,
89849,0,89851,0,
89949,0,89952,0,
90050,0,90050,0,
90152,0,90152,0,
90251,0,90252,0,
90352,0,90352,0,
90453,0,90453,0,
90553,0,90553,0,
90654,0,90654,0,
90755,0,90755,0,
90855,0,90856,0,
90957,0,90958,0,
91058,0,91059,0,
91160,0,91160,0,
91260,0,91261,0,
91361,0,91361,0,
91461,0,91462,0,
91562,0,91563,0,
91663,0,91663,0,
91764,0,91764,0,
91864,0,91865,0,
91965,0,91965,0,
92065,0,92066,0,
92166,0,92166,0,
92267,0,92267,0,
92367,0,92368,0,
92468,0,92469,0,
92568,0,92569,0,
92669,0,92670,0,
92770,0,92770,0,
92870,0,92870,0,
92971,0,92971,0,
93071,0,93072,0,
93172,0,93172,0,
93272,0,93273,0,
93373,0,93376,0,
93474,0,93475,0,
93575,0,93575,0,
93675,0,93676,0,
93776,0,93777,0,
93876,0,93877,0,
93977,0,93977,0,
94078,0,94079,0,
94178,0,94178,0,
94278,0,94279,0,
94379,0,94379,0,
94479,0,94480,0,
94580,0,94580,0,
94680,0,94681,0,
94781,0,94782,0,
94884,0,94885,0,
94984,0,94986,0,
95085,0,95086,0,
95185,0,95185,0,
95286,0,95287,0,
95387,0,95387,0,
95487,0,95488,0,
95588,0,95588,0,
95689,0,95689,0,
95790,0,95790,0,
95893,0,95895,0,
95991,0,95992,0,
96092,0,96094,0,
96194,0,96197,0,
96295,0,96296,0,
96397,0,96397,0,
96497,0,96498,0,
96598,0,96598,0,
96698,0,96699,0,
96799,0,96800,0,
96900,0,96900,0,
97000,0,97001,0,
97101,0,97102,0,
97202,0,97204,0,
97303,0,97304,0,
97405,0,97405,0,
97505,0,97505,0,
97606,0,97606,0,
97713,0,97715,0,
97807,0,97808,0,
97910,0,97911,0,
98011,0,98012,0,
98112,0,98112,0,
98212,0,98213,0,
98313,0,98314,0,
98413,0,98414,0,
98514,0,98515,0,
98615,0,98615,0,
98715,0,98716,0,
98816,0,98816,0,
98916,0,98917,0,
99018,0,99019,0,
99118,0,99119,0,
99219,0,99220,0,
99320,0,99321,0,
99420,0,99421,0,
99521,0,99522,0,
99622,0,99622,0,
99723,0,99723,0,
99823,0,99823,0,
99924,0,99925,0,
100025,0,100025,0,
100125,0,100127,0,
100226,0,100227,0,
100327,0,100327,0,
100427,0,100428,0,
100528,0,100529,0,
100631,0,100637,0,
100731,0,100731,0,
100832,0,100833,0,
100932,0,100932,0,
101033,0,101034,0,
101134,0,101135,0,
101234,0,101235,0,
101335,0,101336,0,
101436,0,101437,0,
101537,0,101537,0,
101637,0,101638,0,
101688,0,101689,0,
101789,0,101790,0,
101890,0,101893,0,
101990,0,101993,0,
102091,0,102094,0,
102193,0,102194,0,
102296,0,102297,0,
102395,0,102395,0,
102495,0,102496,0,
102597,0,102598,0,
102698,0,102699,0,
102799,0,102800,0,
102899,0,102899,0,
103001,0,103002,0,
103102,0,103102,0,
103202,0,103203,0,
103303,0,103303,0,
103404,0,103405,0,
103506,0,103513,0,
103605,0,103606,0,
103706,0,103706,0,
103806,0,103807,0,
103907,0,103908,0,
104009,0,104010,0,
104110,0,104110,0,
104210,0,104211,0,
104310,0,104313,0,
104412,0,104412,0,
104512,0,104514,0,
104613,0,104614,0,
104714,0,104714,0,
104814,0,104815,0,
104916,0,104917,0,
105016,0,105020,0,
105116,0,105117,0,
105217,0,105217,0,
105318,0,105318,0,
105418,0,105418,0,
105518,0,105518,0,
105619,0,105620,0,
105719,0,105720,0,
105820,0,105821,0,
105920,0,105921,0,
106021,0,106021,0,
106121,0,106122,0,
106222,0,106222,0,
106322,0,106323,0,
106423,0,106423,0,
106526,0,106527,0,
106625,0,106625,0,
106726,0,106727,0,
106827,0,106827,0,
106928,0,106929,0,
107028,0,107029,0,
107131,0,107135,0,
107230,0,107231,0,
107331,0,107331,0,
107432,0,107433,0,
107533,0,107533,0,
107633,0,107633,0,
107734,0,107734,0,
107834,0,107835,0,
107935,0,107935,0,
108035,0,108036,0,
108136,0,108137,0,
108237,0,108237,0,
108337,0,108337,0,
108437,0,108438,0,
108538,0,108538,0,
108638,0,108639,0,
108739,0,108739,0,
108839,0,108840,0,
108940,0,108941,0,
109043,0,109043,0,
109142,0,109143,0,
109243,0,109244,0,
109343,0,109344,0,
109446,0,109447,0,
109545,0,109546,0,
109646,0,109647,0,
109747,0,109747,0,
109847,0,109848,0,
109948,0,109949,0,
110048,0,110049,0,
110150,0,110156,0,
110250,0,110251,0,
110351,0,110351,0,
110451,0,110451,0,
110551,0,110552,0,
110652,0,110652,0,
110752,0,110753,0,
110853,0,110853,0,
110953,0,110954,0,
111054,0,111055,0,
111154,0,111155,0,
111255,0,111256,0,
111360,0,111364,0,
111458,0,111460,0,
111558,0,111559,0,
111660,0,111661,0,
111761,0,111762,0,
111862,0,111863,0,
111963,0,111964,0,
112063,0,112064,0,
112163,0,112164,0,
112264,0,112265,0,
112365,0,112365,0,
112465,0,112466,0,
112567,0,112568,0,
112667,0,112668,0,
112767,0,112768,0,
112868,0,112868,0,
112970,0,112970,0,
113070,0,113070,0,
113170,0,113171,0,
113271,0,113272,0,
113373,0,113374,0,
113474,0,113475,0,
113575,0,113576,0,
113676,0,113677,0,
113777,0,113777,0,
113878,0,113878,0,
113978,0,113979,0,
114079,0,114080,0,
114180,0,114180,0,
114282,0,114283,0,
114381,0,114382,0,
114482,0,114483,0,
114583,0,114584,0,
114684,0,114685,0,
114785,0,114786,0,
114886,0,114887,0,
114986,0,114987,0,
115087,0,115087,0,
115187,0,115187,0,
115288,0,115288,0,
115338,0,115340,0,
115439,0,115440,0,
115539,0,115542,0,
115639,0,115640,0,
115740,0,115741,0,
115841,0,115841,0,
115942,0,115943,0,
116043,0,116043,0,
116143,0,116144,0,
116244,0,116245,0,
116347,0,116348,0,
116446,0,116447,0,
116547,0,116548,0,
116651,0,116654,0,
116748,0,116749,0,
116850,0,116850,0,
116950,0,116952,0,
117051,0,117052,0,
117152,0,117152,0,
117253,0,117254,0,
117354,0,117355,0,
117454,0,117455,0,
117555,0,117555,0,
117655,0,117656,0,
117756,0,117757,0,
117858,0,117860,0,
117960,0,117960,0,
118059,0,118059,0,
118160,0,118161,0,
118260,0,118261,0,
118361,0,118361,0,
118461,0,118462,0,
118562,0,118562,0,
118664,0,118664,0,
118764,0,118765,0,
118865,0,118866,0,
118965,0,118966,0,
119066,0,119066,0,
119166,0,119167,0,
119267,0,119267,0,
119368,0,119368,0,
119468,0,119468,0,
119568,0,119569,0,
119669,0,119670,0,
119770,0,119771,0,
119870,0,119871,0,
119971,0,119972,0,
120072,0,120073,0,
120172,0,120173,0,
120274,0,120275,0,
120375,0,120375,0,
120475,0,120476,0,
120579,0,120580,0,
120677,0,120678,0,
120778,0,120778,0,
120878,0,120879,0,
120979,0,120980,0,
121080,0,121080,0,
121180,0,121180,0,
121283,0,121283,0,
121381,0,121382,0,
121482,0,121482,0,
121582,0,121583,0,
121683,0,121684,0,
121783,0,121784,0,
121884,0,121885,0,
121984,0,121986,0,
122085,0,122085,0,
122186,0,122187,0,
122287,0,122288,0,
122388,0,122389,0,
122489,0,122490,0,
122590,0,122590,0,
122694,0,122694,0,
122793,0,122794,0,
122893,0,122893,0,
122994,0,122995,0,
123094,0,123094,0,
123195,0,123195,0,
123295,0,123296,0,
123395,0,123396,0,
123496,0,123497,0,
123597,0,123597,0,
123697,0,123697,0,
123797,0,123798,0,
123898,0,123900,0,
123999,0,124000,0,
124100,0,124101,0,
124200,0,124201,0,
124301,0,124301,0,
124402,0,124402,0,
124502,0,124503,0,
124603,0,124604,0,
124704,0,124705,0,
124804,0,124805,0,
124905,0,124906,0,
125006,0,125006,0,
125106,0,125107,0,
125207,0,125209,0,
125308,0,125308,0,
125409,0,125411,0,
125510,0,125512,0,
125610,0,125611,0,
125712,0,125713,0,
125815,0,125815,0,
125913,0,125914,0,
126015,0,126015,0,
126115,0,126116,0,
126216,0,126217,0,
126317,0,126318,0,
126418,0,126419,0,
126519,0,126519,0,
126620,0,126621,0,
126720,0,126721,0,
126820,0,126821,0,
126921,0,126922,0,
127022,0,127022,0,
127122,0,127124,0,
127223,0,127224,0,
127323,0,127324,0,
127426,0,127427,0,
127526,0,127527,0,
127628,0,127628,0,
127729,0,127730,0,
127839,0,127840,0,
127937,0,127937,0,
128037,0,128038,0,
128138,0,128141,0,
128238,0,128239,0,
128339,0,128340,0,
128440,0,128440,0,
128541,0,128542,0,
128642,0,128643,0,
128744,0,128749,0,
128845,0,128846,0,
128948,0,128949,0,
128997,0,128998,0,
129098,0,129099,0,
129199,0,129199,0,
129300,0,129300,0,
129400,0,129401,0,
129501,0,129502,0,
129602,0,129603,0,
129703,0,129703,0,
129804,0,129804,0,
129904,0,129904,0,
130004,0,130005,0,
130106,0,130107,0,
130206,0,130206,0,
130306,0,130307,0,
130407,0,130409,0,
130507,0,130508,0,
130610,0,130612,0,
130710,0,130710,0,
130810,0,130811,0,
130911,0,130912,0,
131011,0,131012,0,
131112,0,131113,0,
131212,0,131213,0,
131313,0,131314,0,
131413,0,131414,0,
131514,0,131515,0,
131616,0,131617,0,
131716,0,131717,0,
131817,0,131817,0,
131918,0,131919,0,
132019,0,132020,0,
132120,0,132120,0,
132220,0,132221,0,
132321,0,132321,0,
132421,0,132422,0,
132522,0,132523,0,
132623,0,132623,0,
132723,0,132724,0,
132825,0,132825,0,
132925,0,132926,0,
133026,0,133027,0,
133127,0,133128,0,
133228,0,133230,0,
133328,0,133329,0,
133430,0,133432,0,
133530,0,133531,0,
133631,0,133631,0,
133731,0,133732,0,
133833,0,133834,0,
133933,0,133934,0,
134034,0,134035,0,
134135,0,134136,0,
134236,0,134240,0,
134338,0,134346,0,
134438,0,134438,0,
134539,0,134540,0,
134640,0,134643,0,
134740,0,134741,0,
134841,0,134842,0,
134942,0,134943,0,
135043,0,135044,0,
135144,0,135144,0,
135244,0,135245,0,
135345,0,135346,0,
135446,0,135447,0,
135546,0,135547,0,
135646,0,135647,0,
135747,0,135748,0,
135848,0,135848,0,
135948,0,135949,0,
136049,0,136050,0,
136149,0,136150,0,
136250,0,136252,0,
136352,0,136353,0,
136451,0,136452,0,
136552,0,136553,0,
136653,0,136653,0,
136754,0,136754,0,
136855,0,136855,0,
136956,0,136958,0,
137056,0,137057,0,
137163,0,137165,0,
137258,0,137259,0,
137362,0,137364,0,
137461,0,137462,0,
137562,0,137563,0,
137663,0,137663,0,
137764,0,137765,0,
137865,0,137866,0,
137965,0,137965,0,
138065,0,138066,0,
138167,0,138168,0,
138268,0,138270,0,
138368,0,138368,0,
138469,0,138469,0,
138569,0,138570,0,
138670,0,138670,0,
138771,0,138771,0,
138871,0,138873,0,
138974,0,138975,0,
139077,0,139078,0,
139177,0,139177,0,
139277,0,139278,0,
139378,0,139378,0,
139478,0,139479,0,
139579,0,139580,0,
139680,0,139680,0,
139780,0,139780,0,
139881,0,139881,0,
139981,0,139982,0,
140082,0,140082,0,
140183,0,140183,0,
140284,0,140285,0,
140384,0,140385,0,
140485,0,140485,0,
140586,0,140586,0,
140686,0,140687,0,
140787,0,140787,0,
140887,0,140887,0,
140988,0,140988,0,
141089,0,141089,0,
141189,0,141190,0,
141293,0,141293,0,
141390,0,141394,0,
141492,0,141493,0,
141593,0,141594,0,
141693,0,141693,0,
141793,0,141794,0,
141896,0,141897,0,
141946,0,141947,0,
142046,0,142047,0,
142148,0,142149,0,
142248,0,142249,0,
142349,0,142350,0,
142450,0,142451,0,
142550,0,142551,0,
142651,0,142651,0,
142752,0,142752,0,
142852,0,142853,0,
142953,0,142954,0,
143053,0,143054,0,
143154,0,143155,0,
143255,0,143255,0,
143355,0,143356,0,
143455,0,143456,0,
143557,0,143559,0,
143659,0,143660,0,
143758,0,143759,0,
143860,0,143861,0,
143960,0,143960,0,
144060,0,144061,0,
144160,0,144161,0,
144261,0,144262,0,
144362,0,144362,0,
144463,0,144464,0,
144563,0,144564,0,
144664,0,144665,0,
144765,0,144765,0,
144865,0,144866,0,
144966,0,144967,0,
145067,0,145068,0,
145168,0,145169,0,
145269,0,145270,0,
145370,0,145370,0,
145472,0,145476,0,
145571,0,145571,0,
145672,0,145673,0,
145774,0,145775,0,
145874,0,145875,0,
145975,0,145976,0,
146075,0,146075,0,
146175,0,146176,0,
146276,0,146277,0,
146377,0,146377,0,
146478,0,146478,0,
146578,0,146579,0,
146679,0,146680,0,
146779,0,146780,0,
146880,0,146880,0,
146980,0,146981,0,
147081,0,147082,0,
147181,0,147181,0,
147281,0,147281,0,
147381,0,147382,0,
147482,0,147482,0,
147582,0,147583,0,
147683,0,147683,0,
147783,0,147784,0,
147883,0,147883,0,
147983,0,147984,0,
148084,0,148084,0,
148185,0,148186,0,
148285,0,148286,0,
148385,0,148386,0,
148486,0,148486,0,
148586,0,148587,0,
148687,0,148687,0,
148787,0,148788,0,
148888,0,148889,0,
148994,0,148995,0,
149090,0,149091,0,
149195,0,149196,0,
149292,0,149293,0,
149393,0,149394,0,
149494,0,149494,0,
149599,0,149600,0,
149699,0,149700,0,
149800,0,149800,0,
149900,0,149901,0,
150001,0,150001,0,
150101,0,150103,0,
150202,0,150203,0,
150303,0,150303,0,
150403,0,150404,0,
150504,0,150504,0,
150604,0,150605,0,
150705,0,150705,0,
150805,0,150806,0,
150906,0,150906,0,
151007,0,151008,0,
151108,0,151108,0,
151210,0,151211,0,
151309,0,151310,0,
151410,0,151411,0,
151513,0,151517,0,
151614,0,151615,0,
151715,0,151717,0,
151816,0,151817,0,
151917,0,151918,0,
152017,0,152018,0,
152118,0,152119,0,
152219,0,152219,0,
152320,0,152320,0,
152421,0,152421,0,
152521,0,152522,0,
152622,0,152623,0,
152724,0,152727,0,
152825,0,152826,0,
152925,0,152927,0,
153028,0,153029,0,
153129,0,153130,0,
153229,0,153230,0,
153330,0,153331,0,
153430,0,153431,0,
153532,0,153533,0,
153632,0,153634,0,
153732,0,153733,0,
153833,0,153834,0,
153934,0,153934,0,
154035,0,154040,0,
154136,0,154136,0,
154236,0,154236,0,
154336,0,154337,0,
154437,0,154437,0,
154537,0,154538,0,
154588,0,154588,0,
154688,0,154689,0,
154789,0,154790,0,
154890,0,154890,0,
154990,0,154991,0,
155091,0,155091,0,
155195,0,155199,0,
155293,0,155294,0,
155394,0,155395,0,
155494,0,155495,0,
155595,0,155595,0,
155695,0,155696,0,
155796,0,155796,0,
155898,0,155899,0,
155997,0,155998,0,
156098,0,156098,0,
156198,0,156199,0,
156299,0,156300,0,
156400,0,156400,0,
156500,0,156501,0,
156602,0,156603,0,
156702,0,156703,0,
156803,0,156804,0,
156904,0,156905,0,
157005,0,157005,0,
157105,0,157106,0,
157206,0,157206,0,
157306,0,157307,0,
157407,0,157408,0,
157508,0,157509,0,
157610,0,157611,0,
157711,0,157714,0,
157812,0,157813,0,
157912,0,157913,0,
158014,0,158017,0,
158114,0,158114,0,
158215,0,158216,0,
158315,0,158316,0,
158417,0,158418,0,
158517,0,158518,0,
158617,0,158619,0,
158718,0,158718,0,
158819,0,158819,0,
158920,0,158921,0,
159021,0,159021,0,
159123,0,159125,0,
159224,0,159226,0,
159324,0,159325,0,
159425,0,159426,0,
159525,0,159526,0,
159628,0,159629,0,
159728,0,159729,0,
159828,0,159829,0,
159929,0,159930,0,
160029,0,160031,0,
160131,0,160131,0,
160232,0,160232,0,
160333,0,160334,0,
160433,0,160434,0,
160533,0,160534,0,
160634,0,160635,0,
160734,0,160735,0,
160835,0,160835,0,
160935,0,160936,0,
161036,0,161037,0,
161137,0,161137,0,
161237,0,161237,0,
161337,0,161338,0,
161438,0,161440,0,
161540,0,161541,0,
161643,0,161644,0,
161742,0,161742,0,
161843,0,161843,0,
161944,0,161944,0,
162045,0,162049,0,
162145,0,162146,0,
162246,0,162246,0,
162346,0,162347,0,
162447,0,162447,0,
162548,0,162548,0,
162648,0,162649,0,
162749,0,162750,0,
162850,0,162850,0,
162951,0,162951,0,
163051,0,163052,0,
163153,0,163154,0,
163253,0,163253,0,
163354,0,163354,0,
163454,0,163455,0,
163554,0,163555,0,
163658,0,163660,0,
163761,0,163762,0,
163861,0,163862,0,
163961,0,163961,0,
164060,0,164061,0,
164160,0,164161,0,
164261,0,164262,0,
164362,0,164362,0,
164462,0,164463,0,
164563,0,164563,0,
164664,0,164664,0,
164764,0,164765,0,
164865,0,164865,0,
164965,0,164966,0,
165066,0,165067,0,
165167,0,165168,0,
165267,0,165268,0,
165368,0,165368,0,
165468,0,165469,0,
165569,0,165569,0,
165669,0,165669,0,
165770,0,165771,0,
165871,0,165872,0,
165972,0,165972,0,
166073,0,166073,0,
166174,0,166175,0,
166274,0,166275,0,
166375,0,166376,0,
166476,0,166477,0,
166527,0,166527,0,
166628,0,166629,0,
166728,0,166729,0,
166829,0,166830,0,
166930,0,166931,0,
167031,0,167032,0,
167132,0,167133,0,
167233,0,167233,0,
167333,0,167335,0,
167434,0,167436,0,
167535,0,167535,0,
167637,0,167638,0,
167738,0,167739,0,
167837,0,167838,0,
167940,0,167941,0,
168040,0,168040,0,
168143,0,168144,0,
168244,0,168245,0,
168344,0,168345,0,
168445,0,168447,0,
168546,0,168547,0,
168647,0,168647,0,
168747,0,168748,0,
168847,0,168848,0,
168948,0,168948,0,
169050,0,169051,0,
169151,0,169151,0,
169252,0,169253,0,
169353,0,169354,0,
169453,0,169454,0,
169553,0,169554,0,
169654,0,169655,0,
169755,0,169756,0,
169855,0,169856,0,
169957,0,169957,0,
170056,0,170057,0,
170157,0,170157,0,
170257,0,170258,0,
170359,0,170360,0,
170459,0,170460,0,
170560,0,170561,0,
170660,0,170661,0,
170761,0,170762,0,
170862,0,170862,0,
170963,0,170964,0,
171064,0,171065,0,
171164,0,171165,0,
171265,0,171265,0,
171365,0,171366,0,
171466,0,171466,0,
171566,0,171567,0,
171668,0,171668,0,
171768,0,171770,0,
171869,0,171869,0,
171969,0,171970,0,
172070,0,172071,0,
172172,0,172173,0,
172274,0,172274,0,
172373,0,172374,0,
172474,0,172474,0,
172575,0,172575,0,
172675,0,172676,0,
172776,0,172777,0,
172877,0,172878,0,
172977,0,172978,0,
173079,0,173080,0,
173179,0,173179,0,
173279,0,173280,0,
173381,0,173381,0,
173482,0,173483,0,
173583,0,173583,0,
173683,0,173684,0,
173784,0,173785,0,
173884,0,173885,0,
173985,0,173986,0,
174086,0,174086,0,
174186,0,174187,0,
174287,0,174288,0,
174388,0,174388,0,
174488,0,174488,0,
174589,0,174589,0,
174689,0,174690,0,
174790,0,174791,0,
174893,0,174894,0,
174992,0,174993,0,
175093,0,175094,0,
175194,0,175194,0,
175295,0,175295,0,
175395,0,175396,0,
175496,0,175497,0,
175598,0,175601,0,
175698,0,175698,0,
175798,0,175799,0,
175900,0,175902,0,
176000,0,176001,0,
176101,0,176101,0,
176202,0,176202,0,
176302,0,176303,0,
176403,0,176404,0,
176505,0,176506,0,
176605,0,176606,0,
176705,0,176706,0,
176806,0,176807,0,
176907,0,176907,0,
177007,0,177008,0,
177108,0,177109,0,
177210,0,177211,0,
177311,0,177311,0,
177411,0,177411,0,
177512,0,177513,0,
177613,0,177613,0,
177714,0,177715,0,
177815,0,177817,0,
177916,0,177916,0,
178017,0,178018,0,
178118,0,178119,0,
178219,0,178220,0,
178320,0,178320,0,
178370,0,178370,0,
178471,0,178471,0,
178571,0,178571,0,
178672,0,178676,0,
178772,0,178773,0,
178872,0,178873,0,
178973,0,178974,0,
179073,0,179074,0,
179174,0,179174,0,
179275,0,179276,0,
179375,0,179376,0,
179476,0,179477,0,
179577,0,179577,0,
179678,0,179678,0,
179780,0,179781,0,
179879,0,179880,0,
179980,0,179980,0,
180080,0,180081,0,
180181,0,180182,0,
180282,0,180283,0,
180383,0,180384,0,
180485,0,180487,0,
180585,0,180585,0,
180686,0,180686,0,
180786,0,180787,0,
180887,0,180888,0,
180988,0,180990,0,
181089,0,181089,0,
181190,0,181190,0,
181291,0,181292,0,
181392,0,181393,0,
181493,0,181494,0,
181593,0,181594,0,
181697,0,181698,0,
181795,0,181796,0,
181897,0,181899,0,
181997,0,181998,0,
182097,0,182098,0,
182199,0,182199,0,
182299,0,182300,0,
182400,0,182400,0,
182500,0,182501,0,
182601,0,182602,0,
182702,0,182703,0,
182803,0,182803,0,
182904,0,182904,0,
183005,0,183005,0,
183105,0,183106,0,
183207,0,183210,0,
183307,0,183307,0,
183409,0,183410,0,
183509,0,183510,0,
183612,0,183614,0,
183711,0,183711,0,
183812,0,183813,0,
183912,0,183913,0,
184013,0,184014,0,
184114,0,184114,0,
184214,0,184214,0,
184314,0,184315,0,
184415,0,184415,0,
184515,0,184516,0,
184616,0,184617,0,
184716,0,184717,0,
184819,0,184820,0,
184918,0,184919,0,
185019,0,185020,0,
185120,0,185121,0,
185220,0,185221,0,
185321,0,185321,0,
185422,0,185423,0,
185522,0,185523,0,
185623,0,185624,0,
185724,0,185724,0,
185824,0,185825,0,
185925,0,185927,0,
186027,0,186028,0,
186128,0,186129,0,
186229,0,186230,0,
186331,0,186332,0,
186431,0,186432,0,
186532,0,186532,0,
186632,0,186633,0,
186733,0,186733,0,
186833,0,186834,0,
186934,0,186934,0,
187034,0,187035,0,
187135,0,187136,0,
187236,0,187237,0,
187337,0,187339,0,
187439,0,187439,0,
187540,0,187545,0,
187640,0,187640,0,
187740,0,187740,0,
187840,0,187841,0,
187941,0,187942,0,
188044,0,188044,0,
188142,0,188144,0,
188243,0,188244,0,
188344,0,188345,0,
188445,0,188446,0,
188545,0,188546,0,
188646,0,188647,0,
188749,0,188754,0,
188847,0,188848,0,
188948,0,188948,0,
189050,0,189051,0,
189150,0,189150,0,
189251,0,189252,0,
189352,0,189353,0,
189453,0,189454,0,
189553,0,189554,0,
189654,0,189654,0,
189754,0,189755,0,
189855,0,189855,0,
189955,0,189956,0,
190056,0,190056,0,
190157,0,190157,0,
190257,0,190258,0,
190358,0,190358,0,
190460,0,190461,0,
190560,0,190561,0,
190660,0,190660,0,
190763,0,190764,0,
190862,0,190863,0,
190962,0,190963,0,
191063,0,191064,0,
191163,0,191164,0,
191264,0,191264,0,
191364,0,191365,0,
191465,0,191465,0,
191566,0,191568,0,
191667,0,191668,0,
191768,0,191768,0,
191868,0,191869,0,
191969,0,191969,0,
192070,0,192070,0,
192170,0,192170,0,
192270,0,192271,0,
192372,0,192373,0,
192473,0,192475,0,
192573,0,192574,0,
192675,0,192677,0,
192776,0,192777,0,
192829,0,192832,0,
192929,0,192929,0,
193031,0,193032,0,
193130,0,193131,0,
193232,0,193234,0,
193332,0,193332,0,
193432,0,193433,0,
193533,0,193533,0,
193633,0,193634,0,
193734,0,193734,0,
193835,0,193835,0,
193935,0,193936,0,
194036,0,194037,0,
194137,0,194137,0,
194237,0,194238,0,
194338,0,194339,0,
194438,0,194439,0,
194539,0,194540,0,
194640,0,194640,0,
194741,0,194741,0,
194842,0,194842,0,
194943,0,194944,0,
195043,0,195046,0,
195145,0,195146,0,
195245,0,195245,0,
195346,0,195346,0,
195448,0,195453,0,
195547,0,195548,0,
195648,0,195649,0,
195749,0,195750,0,
195850,0,195850,0,
195951,0,195951,0,
196053,0,196053,0,
196152,0,196153,0,
196253,0,196253,0,
196354,0,196355,0,
196454,0,196455,0,
196556,0,196556,0,
196657,0,196657,0,
196757,0,196757,0,
196857,0,196858,0,
196962,0,196964,0,
197063,0,197064,0,
197164,0,197164,0,
197264,0,197265,0,
197365,0,197366,0,
197465,0,197466,0,
197567,0,197568,0,
197667,0,197668,0,
197768,0,197768,0,
197868,0,197869,0,
197971,0,197972,0,
198072,0,198073,0,
198172,0,198175,0,
198272,0,198273,0,
198373,0,198374,0,
198473,0,198474,0,
198574,0,198574,0,
198675,0,198682,0,
198777,0,198777,0,
198880,0,198880,0,
198980,0,198981,0,
199083,0,199084,0,
199185,0,199185,0,
199286,0,199286,0,
199386,0,199387,0,
199487,0,199488,0,
199589,0,199590,0,
199689,0,199689,0,
199789,0,199790,0,
199896,0,199898,0,
199994,0,199996,0,
200096,0,200097,0,
200196,0,200197,0,
200297,0,200298,0,
200397,0,200398,0,
200498,0,200498,0,
200599,0,200599,0,
200700,0,200700,0,
200799,0,200800,0,
200900,0,200900,0,
201000,0,201001,0,
201101,0,201101,0,
201201,0,201202,0,
201302,0,201302,0,
201403,0,201403,0,
201503,0,201504,0,
201604,0,201605,0,
201704,0,201705,0,
201805,0,201806,0,
201906,0,201906,0,
202006,0,202006,0,
202107,0,202108,0,
202208,0,202208,0,
202309,0,202309,0,
202409,0,202410,0,
202511,0,202512,0,
202611,0,202612,0,
202712,0,202713,0,
202812,0,202813,0,
202913,0,202914,0,
203014,0,203017,0,
203114,0,203115,0,
203215,0,203215,0,
203315,0,203316,0,
203416,0,203418,0,
203517,0,203517,0,
203617,0,203619,0,
203718,0,203719,0,
203769,0,203769,0,
203869,0,203869,0,
203970,0,203972,0,
204071,0,204071,0,
204172,0,204173,0,
204272,0,204272,0,
204373,0,204373,0,
204473,0,204474,0,
204574,0,204575,0,
204674,0,204675,0,
204778,0,204781,0,
204878,0,204880,0,
204978,0,204978,0,
205078,0,205079,0,
205179,0,205179,0,
205279,0,205280,0,
205380,0,205380,0,
205482,0,205483,0,
205581,0,205582,0,
205682,0,205683,0,
205783,0,205784,0,
205884,0,205886,0,
205985,0,205985,0,
206085,0,206085,0,
206185,0,206186,0,
206286,0,206286,0,
206387,0,206388,0,
206487,0,206488,0,
206587,0,206588,0,
206688,0,206688,0,
206789,0,206790,0,
206890,0,206897,0,
206990,0,206991,0,
207091,0,207091,0,
207191,0,207192,0,
207293,0,207293,0,
207394,0,207394,0,
207495,0,207495,0,
207595,0,207596,0,
207695,0,207696,0,
207796,0,207796,0,
207896,0,207897,0,
207997,0,207997,0,
208097,0,208097,0,
208197,0,208198,0,
208297,0,208298,0,
208398,0,208399,0,
208500,0,208501,0,
208599,0,208600,0,
208700,0,208700,0,
208800,0,208801,0,
208900,0,208901,0,
209001,0,209002,0,
209103,0,209104,0,
209203,0,209204,0,
209303,0,209304,0,
209404,0,209405,0,
209505,0,209505,0,
209605,0,209606,0,
209706,0,209706,0,
209806,0,209806,0,
209906,0,209907,0,
210007,0,210007,0,
210107,0,210107,0,
210207,0,210208,0,
210307,0,210308,0,
210408,0,210409,0,
210508,0,210509,0,
210609,0,210610,0,
210709,0,210710,0,
210810,0,210810,0,
210910,0,210911,0,
211013,0,211014,0,
211112,0,211113,0,
211214,0,211214,0,
211314,0,211315,0,
211415,0,211416,0,
211516,0,211517,0,
211617,0,211618,0,
211717,0,211718,0,
211819,0,211820,0,
211919,0,211920,0,
212020,0,212021,0,
212121,0,212122,0,
212222,0,212222,0,
212324,0,212328,0,
212424,0,212425,0,
212524,0,212525,0,
212625,0,212625,0,
212725,0,212728,0,
212826,0,212827,0,
212928,0,212929,0,
213030,0,213031,0,
213141,0,213142,0,
213231,0,213232,0,
213333,0,213334,0,
213432,0,213433,0,
213537,0,213538,0,
213635,0,213636,0,
213736,0,213737,0,
213840,0,213841,0,
213939,0,213940,0,
214040,0,214041,0,
214140,0,214140,0,
214240,0,214241,0,
214342,0,214347,0,
214443,0,214444,0,
214544,0,214545,0,
214646,0,214647,0,
214746,0,214747,0,
214847,0,214847,0,
214948,0,214948,0,
215050,0,215053,0,
215150,0,215151,0,
215253,0,215255,0,
215352,0,215353,0,
215453,0,215454,0,
215554,0,215555,0,
215655,0,215655,0,
215756,0,215757,0,
215857,0,215858,0,
215957,0,215958,0,
216060,0,216064,0,
216160,0,216160,0,
216262,0,216264,0,
216364,0,216366,0,
216467,0,216470,0,
216564,0,216565,0,
216664,0,216664,0,
216765,0,216765,0,
216865,0,216866,0,
216967,0,216967,0,
217068,0,217069,0,
217168,0,217168,0,
217269,0,217270,0,
217370,0,217371,0,
217471,0,217473,0,
217573,0,217573,0,
217674,0,217674,0,
217775,0,217778,0,
217875,0,217880,0,
217976,0,217977,0,
218077,0,218078,0,
218178,0,218178,0,
218278,0,218279,0,
218381,0,218381,0,
218481,0,218482,0,
218582,0,218583,0,
218683,0,218684,0,
218784,0,218785,0,
218834,0,218835,0,
218935,0,218936,0,
219036,0,219036,0,
219137,0,219137,0,
219237,0,219237,0,
219338,0,219339,0,
219440,0,219442,0,
219540,0,219540,0,
219642,0,219644,0,
219741,0,219742,0,
219844,0,219847,0,
219943,0,219944,0,
220044,0,220044,0,
220146,0,220147,0,
220245,0,220246,0,
220346,0,220347,0,
220447,0,220448,0,
220563,0,220563,0,
220649,0,220649,0,
220749,0,220749,0,
220854,0,220855,0,
220957,0,220959,0,
221052,0,221054,0,
221153,0,221154,0,
221254,0,221256,0,
221356,0,221357,0,
221457,0,221458,0,
221557,0,221557,0,
221660,0,221662,0,
221764,0,221765,0,
221859,0,221860,0,
221960,0,221961,0,
222061,0,222061,0,
222162,0,222163,0,
222264,0,222265,0,
222363,0,222364,0,
222465,0,222466,0,
222565,0,222566,0,
222666,0,222667,0,
222767,0,222768,0,
222867,0,222868,0,
222970,0,222971,0,
223070,0,223072,0,
223170,0,223171,0,
223270,0,223271,0,
223371,0,223372,0,
223473,0,223474,0,
223573,0,223575,0,
223674,0,223677,0,
223778,0,223780,0,
223878,0,223879,0,
223978,0,223978,0,
224079,0,224079,0,
224180,0,224181,0,
224281,0,224281,0,
224382,0,224383,0,
224482,0,224483,0,
224583,0,224584,0,
224684,0,224685,0,
224786,0,224787,0,
224886,0,224887,0,
224987,0,224987,0,
225089,0,225094,0,
225189,0,225190,0,
225290,0,225291,0,
225392,0,225394,0,
225493,0,225494,0,
225594,0,225596,0,
225694,0,225694,0,
225794,0,225795,0,
225897,0,225899,0,
225996,0,225996,0,
226098,0,226099,0,
226199,0,226199,0,
226300,0,226301,0,
226401,0,226402,0,
226501,0,226502,0,
226602,0,226603,0,
226704,0,226707,0,
226805,0,226808,0,
226905,0,226906,0,
227007,0,227008,0,
227108,0,227110,0,
227210,0,227211,0,
227311,0,227312,0,
227411,0,227412,0,
227512,0,227513,0,
227613,0,227614,0,
227714,0,227714,0,
227814,0,227815,0,
227915,0,227918,0,
228017,0,228018,0,
228117,0,228117,0,
228219,0,228220,0,
228320,0,228321,0,
228422,0,228423,0,
228523,0,228524,0,
228624,0,228624,0,
228724,0,228724,0,
228825,0,228827,0,
228927,0,228928,0,
229027,0,229028,0,
229129,0,229131,0,
229230,0,229230,0,
229331,0,229332,0,
229432,0,229433,0,
229533,0,229534,0,
229633,0,229634,0,
229684,0,229684,0,
229784,0,229785,0,
229886,0,229887,0,
229986,0,229987,0,
230088,0,230090,0,
230189,0,230190,0,
230290,0,230291,0,
230390,0,230390,0,
230491,0,230493,0,
230596,0,230599,0,
230693,0,230693,0,
230795,0,230795,0,
230897,0,230898,0,
230999,0,231000,0,
231100,0,231100,0,
231202,0,231203,0,
231302,0,231302,0,
231403,0,231403,0,
231504,0,231505,0,
231604,0,231605,0,
231705,0,231706,0,
231808,0,231813,0,
231907,0,231908,0,
232010,0,232010,0,
232111,0,232113,0,
232210,0,232211,0,
232311,0,232312,0,
232412,0,232413,0,
232514,0,232515,0,
232613,0,232614,0,
232714,0,232714,0,
232815,0,232816,0,
232915,0,232916,0,
233016,0,233016,0,
233117,0,233118,0,
233218,0,233218,0,
233318,0,233319,0,
233419,0,233420,0,
233520,0,233527,0,
233624,0,233625,0,
233725,0,233727,0,
233825,0,233826,0,
233929,0,233931,0,
234027,0,234027,0,
234128,0,234129,0,
234229,0,234231,0,
234331,0,234332,0,
234433,0,234434,0,
234533,0,234534,0,
234634,0,234634,0,
234735,0,234736,0,
234838,0,234839,0,
234938,0,234940,0,
235039,0,235039,0,
235139,0,235140,0,
235241,0,235243,0,
235342,0,235342,0,
235443,0,235444,0,
235544,0,235547,0,
235645,0,235646,0,
235746,0,235747,0,
235847,0,235848,0,
235948,0,235949,0,
236049,0,236049,0,
236150,0,236151,0,
236251,0,236252,0,
236352,0,236353,0,
236453,0,236454,0,
236554,0,236556,0,
236655,0,236657,0,
236757,0,236759,0,
236857,0,236858,0,
236964,0,236966,0,
237060,0,237061,0,
237161,0,237162,0,
237262,0,237263,0,
237368,0,237371,0,
237464,0,237465,0,
237564,0,237565,0,
237665,0,237665,0,
237767,0,237769,0,
237867,0,237868,0,
237969,0,237970,0,
238070,0,238070,0,
238174,0,238180,0,
238272,0,238272,0,
238373,0,238373,0,
238473,0,238474,0,
238580,0,238580,0,
238675,0,238679,0,
238778,0,238779,0,
238878,0,238879,0,
238980,0,238981,0,
239081,0,239082,0,
239181,0,239182,0,
239282,0,239283,0,
239333,0,239335,0,
239434,0,239435,0,
239534,0,239535,0,
239635,0,239635,0,
239736,0,239737,0,
239836,0,239837,0,
239936,0,239937,0,
240038,0,240038,0,
240139,0,240140,0,
240240,0,240240,0,
240341,0,240343,0,
240442,0,240443,0,
240545,0,240548,0,
240643,0,240643,0,
240743,0,240743,0,
240844,0,240844,0,
240946,0,240947,0,
241050,0,241050,0,
241149,0,241150,0,
241250,0,241251,0,
241352,0,241353,0,
241453,0,241454,0,
241553,0,241554,0,
241654,0,241655,0,
241755,0,241756,0,
241856,0,241856,0,
241957,0,241958,0,
242059,0,242060,0,
242159,0,242162,0,
242259,0,242259,0,
242362,0,242363,0,
242460,0,242460,0,
242560,0,242561,0,
242664,0,242664,0,
242764,0,242765,0,
242865,0,242866,0,
242967,0,242970,0,
243068,0,243068,0,
243168,0,243168,0,
243269,0,243269,0,
243370,0,243370,0,
243470,0,243471,0,
243572,0,243573,0,
243671,0,243672,0,
243773,0,243776,0,
243873,0,243873,0,
243973,0,243974,0,
244074,0,244074,0,
244174,0,244175,0,
244275,0,244276,0,
244380,0,244381,0,
244478,0,244478,0,
244578,0,244579,0,
244680,0,244681,0,
244781,0,244781,0,
244882,0,244883,0,
244984,0,244985,0,
245083,0,245084,0,
245185,0,245186,0,
245286,0,245287,0,
245386,0,245387,0,
245487,0,245487,0,
245587,0,245588,0,
245688,0,245689,0,
245789,0,245789,0,
245890,0,245890,0,
245990,0,245991,0,
246091,0,246092,0,
246192,0,246194,0,
246293,0,246294,0,
246394,0,246395,0,
246495,0,246495,0,
246598,0,246599,0,
246697,0,246698,0,
246797,0,246798,0,
246898,0,246899,0,
246999,0,247000,0,
247099,0,247100,0,
247200,0,247200,0,
247302,0,247305,0,
247401,0,247403,0,
247502,0,247503,0,
247603,0,247603,0,
247703,0,247704,0,
247804,0,247805,0,
247904,0,247905,0,
248005,0,248005,0,
248105,0,248105,0,
248205,0,248206,0,
248306,0,248306,0,
248406,0,248407,0,
248507,0,248507,0,
248607,0,248608,0,
248708,0,248708,0,
248808,0,248809,0,
248908,0,248909,0,
249010,0,249010,0,
249113,0,249114,0,
249214,0,249214,0,
249313,0,249314,0,
249414,0,249415,0,
249515,0,249515,0,
249616,0,249617,0,
249717,0,249719,0,
249818,0,249819,0,
249919,0,249920,0,
250020,0,250020,0,
250120,0,250121,0,
250221,0,250222,0,
250321,0,250322,0,
250422,0,250423,0,
250524,0,250525,0,
250624,0,250625,0,
250724,0,250725,0,
250825,0,250827,0,
250926,0,250929,0,
251026,0,251027,0,
251127,0,251127,0,
251228,0,251229,0,
251329,0,251329,0,
251430,0,251430,0,
251530,0,251531,0,
251631,0,251631,0,
251732,0,251733,0,
251782,0,251783,0,
251883,0,251884,0,
251990,0,251990,0,
252084,0,252084,0,
252184,0,252184,0,
252284,0,252285,0,
252385,0,252385,0,
252487,0,252489,0,
252586,0,252587,0,
252687,0,252687,0,
252787,0,252788,0,
252888,0,252889,0,
252989,0,252990,0,
253090,0,253090,0,
253190,0,253191,0,
253290,0,253291,0,
253391,0,253391,0,
253492,0,253494,0,
253594,0,253595,0,
253695,0,253696,0,
253796,0,253797,0,
253896,0,253897,0,
253997,0,253998,0,
254098,0,254099,0,
254199,0,254200,0,
254300,0,254300,0,
254400,0,254400,0,
254500,0,254501,0,
254601,0,254601,0,
254701,0,254702,0,
254802,0,254803,0,
254903,0,254903,0,
255004,0,255004,0,
255106,0,255106,0,
255205,0,255206,0,
255307,0,255307,0,
255407,0,255408,0,
255508,0,255508,0,
255609,0,255610,0,
255712,0,255713,0,
255813,0,255814,0,
255914,0,255915,0,
256014,0,256015,0,
256115,0,256116,0,
256216,0,256216,0,
256316,0,256317,0,
256417,0,256417,0,
256519,0,256520,0,
256619,0,256622,0,
256719,0,256719,0,
256819,0,256820,0,
256920,0,256921,0,
257020,0,257021,0,
257121,0,257122,0,
257222,0,257223,0,
257323,0,257324,0,
257423,0,257424,0,
257524,0,257524,0,
257624,0,257625,0,
257725,0,257725,0,
257825,0,257826,0,
257929,0,257930,0,
258027,0,258027,0,
258128,0,258129,0,
258228,0,258229,0,
258331,0,258332,0,
258431,0,258433,0,
258531,0,258531,0,
258632,0,258633,0,
258733,0,258734,0,
258833,0,258834,0,
258933,0,258934,0,
259034,0,259035,0,
259135,0,259135,0,
259235,0,259236,0,
259336,0,259338,0,
259437,0,259437,0,
259537,0,259538,0,
259638,0,259639,0,
259739,0,259740,0,
259840,0,259840,0,
259941,0,259941,0,
260042,0,260043,0,
260142,0,260143,0,
260243,0,260244,0,
260345,0,260346,0,
260445,0,260446,0,
260546,0,260547,0,
260647,0,260648,0,
260748,0,260749,0,
260848,0,260849,0,
260949,0,260949,0,
261050,0,261050,0,
261150,0,261151,0,
261251,0,261251,0,
261352,0,261352,0,
261452,0,261453,0,
261553,0,261553,0,
261653,0,261654,0,
261754,0,261755,0,
261855,0,261855,0,
261956,0,261957,0,
262056,0,262057,0,
262157,0,262157,0,
262257,0,262258,0,
262358,0,262358,0,
262458,0,262458,0,
262561,0,262568,0,
262660,0,262661,0,
262761,0,262761,0,
262863,0,262864,0,
262964,0,262965,0,
263063,0,263064,0,
263163,0,263164,0,
263264,0,263265,0,
263365,0,263365,0,
263465,0,263466,0,
263566,0,263566,0,
263667,0,263667,0,
263767,0,263767,0,
263867,0,263868,0,
263968,0,263968,0,
264068,0,264070,0,
264169,0,264170,0,
264270,0,264271,0,
264371,0,264372,0,
264472,0,264472,0,
264573,0,264574,0,
264674,0,264674,0,
264775,0,264776,0,
264875,0,264876,0,
264976,0,264976,0,
265077,0,265077,0,
265182,0,265184,0,
265283,0,265283,0,
265383,0,265384,0,
265433,0,265434,0,
265534,0,265534,0,
265634,0,265635,0,
265735,0,265735,0,
265835,0,265836,0,
265936,0,265937,0,
266037,0,266037,0,
266138,0,266139,0,
266239,0,266240,0,
266340,0,266340,0,
266440,0,266441,0,
266541,0,266541,0,
266642,0,266642,0,
266742,0,266743,0,
266845,0,266846,0,
266945,0,266947,0,
267046,0,267047,0,
267146,0,267147,0,
267247,0,267247,0,
267347,0,267348,0,
267448,0,267448,0,
267548,0,267549,0,
267649,0,267650,0,
267750,0,267750,0,
267851,0,267852,0,
267950,0,267951,0,
268051,0,268053,0,
268152,0,268152,0,
268252,0,268253,0,
268353,0,268353,0,
268453,0,268454,0,
268554,0,268554,0,
268655,0,268655,0,
268755,0,268756,0,
268855,0,268856,0,
268956,0,268956,0,
269056,0,269057,0,
269157,0,269159,0,
269257,0,269258,0,
269358,0,269359,0,
269459,0,269459,0,
269562,0,269563,0,
269661,0,269662,0,
269763,0,269764,0,
269868,0,269869,0,
269969,0,269972,0,
270069,0,270070,0,
270171,0,270172,0,
270270,0,270270,0,
270371,0,270372,0,
270472,0,270473,0,
270573,0,270574,0,
270673,0,270674,0,
270774,0,270774,0,
270874,0,270875,0,
270975,0,270975,0,
271075,0,271076,0,
271176,0,271177,0,
271279,0,271281,0,
271377,0,271378,0,
271478,0,271479,0,
271579,0,271580,0,
271681,0,271684,0,
271781,0,271782,0,
271881,0,271882,0,
271982,0,271984,0,
272082,0,272082,0,
272184,0,272185,0,
272283,0,272286,0,
272384,0,272384,0,
272484,0,272485,0,
272585,0,272585,0,
272685,0,272686,0,
272786,0,272787,0,
272887,0,272888,0,
272988,0,272988,0,
273088,0,273089,0,
273189,0,273190,0,
273290,0,273290,0,
273391,0,273391,0,
273492,0,273493,0,
273592,0,273592,0,
273696,0,273697,0,
273793,0,273794,0,
273895,0,273896,0,
273996,0,273997,0,
274097,0,274097,0,
274198,0,274199,0,
274299,0,274300,0,
274400,0,274400,0,
274500,0,274501,0,
274601,0,274602,0,
274702,0,274702,0,
274802,0,274803,0,
274903,0,274904,0,
275003,0,275004,0,
275104,0,275104,0,
275205,0,275206,0,
275305,0,275306,0,
275406,0,275407,0,
275507,0,275508,0,
275608,0,275608,0,
275708,0,275708,0,
275809,0,275809,0,
275910,0,275913,0,
276010,0,276010,0,
276111,0,276112,0,
276213,0,276214,0,
276313,0,276313,0,
276414,0,276415,0,
276516,0,276520,0,
276615,0,276616,0,
276715,0,276716,0,
276816,0,276817,0,
276917,0,276918,0,
277018,0,277020,0,
277118,0,277119,0,
277220,0,277223,0,
277319,0,277320,0,
277420,0,277421,0,
277521,0,277521,0,
277622,0,277622,0,
277723,0,277723,0,
277823,0,277824,0,
277924,0,277925,0,
278025,0,278025,0,
278125,0,278126,0,
278226,0,278227,0,
278329,0,278330,0,
278431,0,278431,0,
278481,0,278482,0,
278582,0,278583,0,
278683,0,278683,0,
278783,0,278785,0,
278884,0,278884,0,
278985,0,278985,0,
279085,0,279085,0,
279185,0,279186,0,
279286,0,279286,0,
279386,0,279387,0,
279486,0,279487,0,
279590,0,279590,0,
279690,0,279691,0,
279790,0,279791,0,
279891,0,279892,0,
279992,0,279992,0,
280092,0,280093,0,
280193,0,280193,0,
280293,0,280294,0,
280395,0,280396,0,
280495,0,280496,0,
280596,0,280596,0,
280696,0,280698,0,
280797,0,280798,0,
280898,0,280898,0,
280998,0,280999,0,
281099,0,281100,0,
281201,0,281202,0,
281301,0,281302,0,
281403,0,281407,0,
281507,0,281508,0,
281607,0,281608,0,
281708,0,281708,0,
281809,0,281812,0,
281909,0,281910,0,
282010,0,282012,0,
282111,0,282112,0,
282212,0,282213,0,
282314,0,282315,0,
282415,0,282416,0,
282515,0,282517,0,
282616,0,282617,0,
282717,0,282718,0,
282817,0,282818,0,
282918,0,282919,0,
283019,0,283020,0,
283120,0,283120,0,
283220,0,283221,0,
283321,0,283322,0,
283421,0,283422,0,
283522,0,283522,0,
283622,0,283623,0,
283723,0,283723,0,
283824,0,283824,0,
283924,0,283925,0,
284025,0,284025,0,
284126,0,284126,0,
284226,0,284227,0,
284327,0,284328,0,
284429,0,284430,0,
284528,0,284529,0,
284630,0,284631,0,
284730,0,284731,0,
284832,0,284833,0,
284932,0,284932,0,
285032,0,285033,0,
285133,0,285134,0,
285234,0,285234,0,
285334,0,285335,0,
285435,0,285435,0,
285535,0,285536,0,
285636,0,285638,0,
285737,0,285737,0,
285837,0,285838,0,
285938,0,285939,0,
286039,0,286039,0,
286139,0,286140,0,
286241,0,286241,0,
286342,0,286343,0,
286442,0,286446,0,
286542,0,286543,0,
286643,0,286643,0,
286743,0,286744,0,
286844,0,286845,0,
286946,0,286946,0,
287046,0,287047,0,
287147,0,287147,0,
287247,0,287247,0,
287347,0,287348,0,
287448,0,287449,0,
287549,0,287550,0,
287650,0,287651,0,
287750,0,287751,0,
287852,0,287853,0,
287951,0,287952,0,
288052,0,288053,0,
288153,0,288154,0,
288253,0,288254,0,
288354,0,288355,0,
288455,0,288455,0,
288555,0,288555,0,
288655,0,288656,0,
288759,0,288760,0,
288858,0,288858,0,
288958,0,288963,0,
289062,0,289062,0,
289163,0,289164,0,
289264,0,289264,0,
289364,0,289365,0,
289465,0,289466,0,
289566,0,289567,0,
289668,0,289669,0,
289768,0,289769,0,
289869,0,289870,0,
289970,0,289971,0,
290071,0,290074,0,
290121,0,290121,0,
290222,0,290223,0,
290323,0,290323,0,
290423,0,290424,0,
290524,0,290526,0,
290625,0,290625,0,
290726,0,290726,0,
290826,0,290827,0,
290931,0,290933,0,
291030,0,291031,0,
291131,0,291132,0,
291232,0,291233,0,
291333,0,291333,0,
291433,0,291434,0,
291534,0,291534,0,
291635,0,291639,0,
291735,0,291737,0,
291835,0,291835,0,
291936,0,291936,0,
292036,0,292037,0,
292137,0,292138,0,
292238,0,292239,0,
292338,0,292338,0,
292438,0,292439,0,
292539,0,292540,0,
292640,0,292641,0,
292741,0,292741,0,
292841,0,292842,0,
292942,0,292943,0,
293043,0,293043,0,
293144,0,293146,0,
293245,0,293246,0,
293347,0,293348,0,
293447,0,293447,0,
293547,0,293547,0,
293648,0,293648,0,
293748,0,293749,0,
293849,0,293849,0,
293949,0,293950,0,
294050,0,294050,0,
294151,0,294152,0,
294252,0,294253,0,
294353,0,294354,0,
294454,0,294455,0,
294555,0,294556,0,
294656,0,294657,0,
294756,0,294757,0,
294857,0,294858,0,
294958,0,294959,0,
295060,0,295062,0,
295162,0,295163,0,
295263,0,295264,0,
295363,0,295364,0,
295464,0,295464,0,
295564,0,295565,0,
295664,0,295665,0,
295765,0,295766,0,
295866,0,295867,0,
295967,0,295967,0,
296068,0,296069,0,
296168,0,296169,0,
296269,0,296269,0,
296369,0,296370,0,
296469,0,296470,0,
296570,0,296570,0,
296671,0,296671,0,
296771,0,296771,0,
296872,0,296873,0,
296972,0,296973,0,
297073,0,297074,0,
297175,0,297176,0,
297274,0,297275,0,
297375,0,297375,0,
297475,0,297479,0,
297576,0,297576,0,
297678,0,297679,0,
297779,0,297780,0,
297880,0,297880,0,
297980,0,297981,0,
298081,0,298082,0,
298183,0,298186,0,
298283,0,298284,0,
298383,0,298384,0,
298485,0,298485,0,
298585,0,298586,0,
298686,0,298686,0,
298786,0,298787,0,
298886,0,298887,0,
298987,0,298987,0,
299088,0,299088,0,
299188,0,299189,0,
299289,0,299289,0,
299389,0,299390,0,
299490,0,299490,0,
299590,0,299590,0,
299693,0,299693,0,
299792,0,299793,0,
299893,0,299893,0,
299994,0,299995,0,
300096,0,300097,0,
300199,0,300200,0,
300298,0,300299,0,
300398,0,300399,0,
300499,0,300500,0,
300600,0,300600,0,
300701,0,300703,0,
300801,0,300802,0,
300902,0,300903,0,
301003,0,301004,0,
301105,0,301106,0,
301205,0,301206,0,
301306,0,301306,0,
301407,0,301407,0,
301507,0,301507,0,
301607,0,301608,0,
301708,0,301709,0,
301809,0,301810,0,
301909,0,301910,0,
302010,0,302010,0,
302110,0,302110,0,
302211,0,302214,0,
302312,0,302313,0,
302413,0,302414,0,
302513,0,302514,0,
302616,0,302618,0,
302715,0,302716,0,
302816,0,302817,0,
302917,0,302918,0,
303017,0,303018,0,
303118,0,303118,0,
303218,0,303219,0,
303318,0,303319,0,
303420,0,303420,0,
303520,0,303521,0,
303620,0,303621,0,
303721,0,303722,0,
303823,0,303824,0,
303923,0,303924,0,
304024,0,304025,0,
304125,0,304126,0,
304226,0,304230,0,
304276,0,304277,0,
304377,0,304378,0,
304478,0,304479,0,
304581,0,304582,0,
304680,0,304680,0,
304780,0,304781,0,
304881,0,304882,0,
304983,0,304984,0,
305084,0,305084,0,
305184,0,305185,0,
305284,0,305285,0,
305385,0,305386,0,
305486,0,305486,0,
305586,0,305587,0,
305687,0,305688,0,
305788,0,305789,0,
305889,0,305890,0,
305990,0,305991,0,
306090,0,306091,0,
306192,0,306192,0,
306292,0,306292,0,
306393,0,306393,0,
306493,0,306494,0,
306596,0,306598,0,
306694,0,306695,0,
306795,0,306796,0,
306896,0,306897,0,
306997,0,306997,0,
307098,0,307102,0,
307198,0,307200,0,
307299,0,307300,0,
307401,0,307403,0,
307501,0,307502,0,
307602,0,307602,0,
307703,0,307704,0,
307803,0,307805,0,
307904,0,307904,0,
308004,0,308004,0,
308105,0,308106,0,
308206,0,308206,0,
308307,0,308307,0,
308407,0,308407,0,
308507,0,308508,0,
308608,0,308608,0,
308708,0,308709,0,
308810,0,308814,0,
308910,0,308911,0,
309011,0,309012,0,
309112,0,309113,0,
309214,0,309215,0,
309314,0,309315,0,
309414,0,309415,0,
309516,0,309517,0,
309616,0,309617,0,
309718,0,309719,0,
309817,0,309818,0,
309918,0,309919,0,
310018,0,310019,0,
310119,0,310120,0,
310220,0,310220,0,
310320,0,310320,0,
310420,0,310421,0,
310520,0,310521,0,
310623,0,310624,0,
310723,0,310723,0,
310823,0,310824,0,
310924,0,310925,0,
311025,0,311025,0,
311125,0,311126,0,
311226,0,311226,0,
311326,0,311327,0,
311428,0,311430,0,
311530,0,311531,0,
311631,0,311631,0,
311732,0,311733,0,
311832,0,311833,0,
311933,0,311934,0,
312034,0,312035,0,
312134,0,312135,0,
312235,0,312236,0,
312336,0,312337,0,
312437,0,312437,0,
312537,0,312538,0,
312638,0,312638,0,
312738,0,312740,0,
312839,0,312840,0,
312940,0,312940,0,
313040,0,313041,0,
313141,0,313141,0,
313241,0,313242,0,
313342,0,313343,0,
313442,0,313443,0,
313546,0,313547,0,
313646,0,313647,0,
313745,0,313746,0,
313846,0,313847,0,
313947,0,313948,0,
314048,0,314048,0,
314149,0,314149,0,
314250,0,314251,0,
314351,0,314351,0,
314452,0,314453,0,
314554,0,314555,0,
314655,0,314656,0,
314756,0,314757,0,
314857,0,314859,0,
314958,0,314958,0,
315059,0,315061,0,
315159,0,315160,0,
315259,0,315260,0,
315360,0,315363,0,
315461,0,315462,0,
315565,0,315566,0,
315667,0,315669,0,
315767,0,315767,0,
315868,0,315868,0,
315970,0,315973,0,
316069,0,316069,0,
316169,0,316170,0,
316270,0,316271,0,
316371,0,316372,0,
316472,0,316473,0,
316522,0,316523,0,
316622,0,316623,0,
316723,0,316724,0,
316823,0,316823,0,
316923,0,316924,0,
317024,0,317024,0,
317124,0,317125,0,
317226,0,317226,0,
317326,0,317327,0,
317428,0,317431,0,
317529,0,317530,0,
317629,0,317629,0,
317730,0,317731,0,
317831,0,317832,0,
317931,0,317932,0,
318032,0,318033,0,
318132,0,318134,0,
318233,0,318234,0,
318334,0,318335,0,
318434,0,318435,0,
318535,0,318536,0,
318637,0,318638,0,
318737,0,318738,0,
318837,0,318838,0,
318938,0,318939,0,
319041,0,319048,0,
319140,0,319140,0,
319242,0,319242,0,
319341,0,319342,0,
319442,0,319443,0,
319543,0,319547,0,
319646,0,319647,0,
319745,0,319751,0,
319846,0,319848,0,
319947,0,319948,0,
320047,0,320048,0,
320149,0,320150,0,
320249,0,320251,0,
320350,0,320350,0,
320450,0,320451,0,
320552,0,320554,0,
320652,0,320652,0,
320753,0,320755,0,
320854,0,320854,0,
320954,0,320955,0,
321055,0,321056,0,
321157,0,321158,0,
321257,0,321258,0,
321358,0,321358,0,
321459,0,321460,0,
321559,0,321559,0,
321660,0,321660,0,
321761,0,321763,0,
321861,0,321863,0,
321964,0,321965,0,
322065,0,322066,0,
322165,0,322166,0,
322266,0,322266,0,
322366,0,322367,0,
322467,0,322469,0,
322567,0,322568,0,
322668,0,322669,0,
322769,0,322769,0,
322869,0,322870,0,
322970,0,322970,0,
323070,0,323071,0,
323172,0,323173,0,
323272,0,323272,0,
323373,0,323373,0,
323473,0,323473,0,
323573,0,323574,0,
323674,0,323675,0,
323775,0,323776,0,
323880,0,323881,0,
323977,0,323979,0,
324077,0,324080,0,
324178,0,324180,0,
324281,0,324282,0,
324382,0,324383,0,
324483,0,324483,0,
324583,0,324584,0,
324684,0,324684,0,
324785,0,324785,0,
324885,0,324886,0,
324986,0,324987,0,
325089,0,325090,0,
325188,0,325189,0,
325289,0,325290,0,
325390,0,325391,0,
325492,0,325492,0,
325592,0,325594,0,
325692,0,325693,0,
325793,0,325794,0,
325894,0,325895,0,
325994,0,325995,0,
326095,0,326096,0,
326197,0,326198,0,
326298,0,326298,0,
326398,0,326398,0,
326499,0,326500,0,
326599,0,326600,0,
326700,0,326700,0,
326800,0,326801,0,
326901,0,326902,0,
327002,0,327003,0,
327103,0,327103,0,
327203,0,327204,0,
327304,0,327304,0,
327404,0,327404,0,
327504,0,327505,0,
327605,0,327605,0,
327706,0,327707,0,
327807,0,327807,0,
327908,0,327908,0,
328009,0,328009,0,
328109,0,328110,0,
328210,0,328210,0,
328311,0,328311,0,
328412,0,328412,0,
328513,0,328514,0,
328614,0,328615,0,
328714,0,328715,0,
328816,0,328817,0,
328917,0,328919,0,
329017,0,329018,0,
329118,0,329118,0,
329219,0,329220,0,
329269,0,329270,0,
329369,0,329370,0,
329470,0,329471,0,
329570,0,329571,0,
329671,0,329672,0,
329772,0,329773,0,
329922,0,329923,0,
329973,0,329973,0,
330073,0,330074,0,
330173,0,330174,0,
330274,0,330274,0,
330374,0,330375,0,
330475,0,330475,0,
330576,0,330581,0,
330676,0,330677,0,
330777,0,330777,0,
330877,0,330877,0,
330977,0,330978,0,
331079,0,331079,0,
331179,0,331180,0,
331280,0,331281,0,
331381,0,331381,0,
331482,0,331482,0,
331583,0,331584,0,
331685,0,331686,0,
331785,0,331785,0,
331885,0,331888,0,
331987,0,331987,0,
332087,0,332088,0,
332188,0,332188,0,
332288,0,332289,0,
332389,0,332389,0,
332490,0,332490,0,
332590,0,332590,0,
332690,0,332691,0,
332791,0,332792,0,
332892,0,332892,0,
332992,0,332993,0,
333094,0,333098,0,
333194,0,333195,0,
333295,0,333296,0,
333398,0,333399,0,
333496,0,333497,0,
333598,0,333599,0,
333700,0,333701,0,
333801,0,333803,0,
333901,0,333902,0,
334002,0,334002,0,
334103,0,334104,0,
334203,0,334204,0,
334304,0,334304,0,
334404,0,334405,0,
334505,0,334506,0,
334606,0,334607,0,
334707,0,334708,0,
334808,0,334808,0,
334908,0,334909,0,
335009,0,335009,0,
335109,0,335111,0,
335210,0,335214,0,
335311,0,335311,0,
335413,0,335414,0,
335514,0,335515,0,
335614,0,335615,0,
335715,0,335715,0,
335815,0,335817,0,
335916,0,335917,0,
336017,0,336017,0,
336118,0,336118,0,
336218,0,336219,0,
336319,0,336320,0,
336419,0,336420,0,
336521,0,336521,0,
336621,0,336621,0,
336721,0,336722,0,
336822,0,336822,0,
336923,0,336924,0,
337023,0,337023,0,
337123,0,337124,0,
337224,0,337225,0,
337324,0,337325,0,
337425,0,337425,0,
337525,0,337525,0,
337626,0,337626,0,
337726,0,337727,0,
337827,0,337835,0,
337927,0,337928,0,
338028,0,338028,0,
338132,0,338132,0,
338229,0,338230,0,
338333,0,338334,0,
338431,0,338432,0,
338532,0,338533,0,
338632,0,338633,0,
338734,0,338735,0,
338834,0,338834,0,
338935,0,338935,0,
339035,0,339036,0,
339136,0,339136,0,
339236,0,339237,0,
339337,0,339337,0,
339437,0,339438,0,
339538,0,339538,0,
339639,0,339639,0,
339739,0,339740,0,
339840,0,339840,0,
339941,0,339941,0,
340041,0,340042,0,
340142,0,340143,0,
340243,0,340243,0,
340343,0,340344,0,
340444,0,340444,0,
340544,0,340545,0,
340646,0,340651,0,
340746,0,340747,0,
340847,0,340848,0,
340948,0,340949,0,
341052,0,341053,0,
341150,0,341150,0,
341250,0,341251,0,
341351,0,341352,0,
341452,0,341452,0,
341553,0,341554,0,
341653,0,341654,0,
341754,0,341755,0,
341855,0,341855,0,
341956,0,341957,0,
342057,0,342057,0,
342157,0,342157,0,
342258,0,342261,0,
342358,0,342359,0,
342459,0,342460,0,
342560,0,342561,0,
342660,0,342661,0,
342761,0,342762,0,
342862,0,342863,0,
342965,0,342967,0,
343064,0,343065,0,
343165,0,343166,0,
343266,0,343266,0,
343367,0,343367,0,
343468,0,343468,0,
343568,0,343569,0,
343669,0,343670,0,
343770,0,343771,0,
343871,0,343872,0,
343973,0,343973,0,
344072,0,344073,0,
344173,0,344173,0,
344274,0,344274,0,
344374,0,344375,0,
344425,0,344425,0,
344525,0,344526,0,
344626,0,344626,0,
344726,0,344727,0,
344827,0,344828,0,
344927,0,344928,0,
345028,0,345029,0,
345129,0,345129,0,
345233,0,345235,0,
345331,0,345333,0,
345432,0,345434,0,
345533,0,345534,0,
345634,0,345634,0,
345734,0,345735,0,
345835,0,345835,0,
345935,0,345936,0,
346037,0,346038,0,
346137,0,346137,0,
346238,0,346238,0,
346338,0,346339,0,
346439,0,346439,0,
346539,0,346540,0,
346640,0,346640,0,
346740,0,346741,0,
346841,0,346841,0,
346941,0,346942,0,
347042,0,347042,0,
347142,0,347143,0,
347243,0,347243,0,
347343,0,347345,0,
347444,0,347444,0,
347545,0,347546,0,
347647,0,347648,0,
347747,0,347748,0,
347848,0,347849,0,
347949,0,347950,0,
348050,0,348050,0,
348150,0,348151,0,
348251,0,348252,0,
348352,0,348353,0,
348453,0,348454,0,
348554,0,348555,0,
348655,0,348655,0,
348756,0,348756,0,
348857,0,348857,0,
348957,0,348957,0,
349057,0,349058,0,
349158,0,349159,0,
349258,0,349259,0,
349359,0,349360,0,
349460,0,349460,0,
349560,0,349561,0,
349661,0,349662,0,
349763,0,349764,0,
349863,0,349864,0,
349964,0,349965,0,
350065,0,350065,0,
350166,0,350167,0,
350266,0,350267,0,
350367,0,350367,0,
350467,0,350468,0,
350568,0,350569,0,
350670,0,350675,0,
350769,0,350770,0,
350870,0,350870,0,
350970,0,350971,0,
351072,0,351072,0,
351172,0,351173,0,
351273,0,351273,0,
351373,0,351374,0,
351474,0,351474,0,
351574,0,351575,0,
351675,0,351676,0,
351777,0,351777,0,
351878,0,351880,0,
351978,0,351980,0,
352078,0,352079,0,
352179,0,352180,0,
352282,0,352283,0,
352382,0,352383,0,
352485,0,352487,0,
352584,0,352585,0,
352685,0,352685,0,
352785,0,352786,0,
352886,0,352886,0,
352987,0,352988,0,
353087,0,353087,0,
353187,0,353188,0,
353288,0,353290,0,
353390,0,353391,0,
353489,0,353490,0,
353590,0,353590,0,
353690,0,353690,0,
353791,0,353791,0,
353891,0,353892,0,
353992,0,353992,0,
354092,0,354093,0,
354193,0,354195,0,
354294,0,354297,0,
354397,0,354398,0,
354496,0,354497,0,
354596,0,354597,0,
354698,0,354699,0,
354802,0,354803,0,
354903,0,354904,0,
355003,0,355003,0,
355103,0,355104,0,
355204,0,355204,0,
355304,0,355305,0,
355405,0,355405,0,
355506,0,355506,0,
355606,0,355607,0,
355707,0,355708,0,
355808,0,355809,0,
355908,0,355909,0,
356009,0,356010,0,
356110,0,356110,0,
356211,0,356212,0,
356312,0,356313,0,
356414,0,356415,0,
356514,0,356515,0,
356614,0,356615,0,
356715,0,356717,0,
356816,0,356817,0,
356917,0,356917,0,
357017,0,357017,0,
357117,0,357118,0,
357218,0,357218,0,
357319,0,357319,0,
357419,0,357420,0,
357520,0,357521,0,
357621,0,357622,0,
357722,0,357723,0,
357823,0,357824,0,
357923,0,357924,0,
358024,0,358024,0,
358124,0,358125,0,
358225,0,358225,0,
358325,0,358326,0,
358426,0,358426,0,
358526,0,358526,0,
358626,0,358627,0,
358727,0,358728,0,
358828,0,358829,0,
358928,0,358930,0,
359029,0,359030,0,
359130,0,359131,0,
359181,0,359182,0,
359282,0,359283,0,
359382,0,359383,0,
359483,0,359484,0,
359583,0,359584,0,
359684,0,359684,0,
359786,0,359787,0,
359886,0,359887,0,
359987,0,359987,0,
360088,0,360088,0,
360188,0,360189,0,
360289,0,360291,0,
360390,0,360391,0,
360491,0,360492,0,
360592,0,360593,0,
360692,0,360692,0,
360792,0,360793,0,
360893,0,360894,0,
360993,0,360994,0,
361094,0,361095,0,
361195,0,361197,0,
361297,0,361298,0,
361398,0,361399,0,
361498,0,361498,0,
361600,0,361602,0,
361699,0,361700,0,
361800,0,361800,0,
361900,0,361901,0,
362001,0,362002,0,
362101,0,362102,0,
362202,0,362203,0,
362302,0,362303,0,
362403,0,362404,0,
362504,0,362505,0,
362605,0,362605,0,
362705,0,362706,0,
362806,0,362807,0,
362907,0,362907,0,
363007,0,363008,0,
363108,0,363109,0,
363209,0,363209,0,
363309,0,363310,0,
363410,0,363410,0,
363510,0,363513,0,
363614,0,363614,0,
363712,0,363714,0,
363813,0,363814,0,
363913,0,363914,0,
364014,0,364015,0,
364115,0,364116,0,
364216,0,364217,0,
364317,0,364318,0,
364417,0,364418,0,
364517,0,364518,0,
364618,0,364618,0,
364719,0,364721,0,
364819,0,364819,0,
364920,0,364920,0,
365020,0,365021,0,
365120,0,365121,0,
365221,0,365222,0,
365322,0,365323,0,
365423,0,365423,0,
365523,0,365524,0,
365624,0,365625,0,
365724,0,365724,0,
365824,0,365825,0,
365925,0,365926,0,
366026,0,366027,0,
366126,0,366127,0,
366227,0,366228,0,
366328,0,366328,0,
366429,0,366430,0,
366531,0,366537,0,
366633,0,366634,0,
366733,0,366734,0,
366834,0,366834,0,
366934,0,366935,0,
367035,0,367035,0,
367136,0,367137,0,
367236,0,367237,0,
367337,0,367338,0,
367437,0,367438,0,
367538,0,367539,0,
367638,0,367640,0,
367738,0,367739,0,
367839,0,367840,0,
367940,0,367941,0,
368041,0,368042,0,
368142,0,368143,0,
368243,0,368244,0,
368344,0,368345,0,
368445,0,368446,0,
368547,0,368549,0,
368647,0,368648,0,
368748,0,368749,0,
368848,0,368849,0,
368949,0,368950,0,
369051,0,369052,0,
369152,0,369153,0,
369252,0,369253,0,
369353,0,369354,0,
369453,0,369454,0,
369554,0,369554,0,
369654,0,369655,0,
369755,0,369755,0,
369855,0,369856,0,
369956,0,369957,0,
370056,0,370057,0,
370157,0,370157,0,
370257,0,370258,0,
370359,0,370362,0,
370458,0,370459,0,
370559,0,370560,0,
370660,0,370660,0,
370760,0,370761,0,
370861,0,370862,0,
370962,0,370963,0,
371063,0,371065,0,
371166,0,371167,0,
371266,0,371268,0,
371365,0,371366,0,
371465,0,371466,0,
371567,0,371569,0,
371667,0,371667,0,
371768,0,371770,0,
371869,0,371870,0,
371970,0,371974,0,
372070,0,372071,0,
372171,0,372172,0,
372272,0,372273,0,
372372,0,372372,0,
372472,0,372473,0,
372573,0,372573,0,
372673,0,372674,0,
372774,0,372775,0,
372875,0,372875,0,
372975,0,372976,0,
373077,0,373077,0,
373176,0,373177,0,
373277,0,373277,0,
373377,0,373378,0,
373477,0,373478,0,
373578,0,373579,0,
373679,0,373681,0,
373780,0,373781,0,
373880,0,373881,0,
373981,0,373982,0,
374082,0,374082,0,
374183,0,374185,0,
374233,0,374233,0,
374333,0,374334,0,
374434,0,374434,0,
374534,0,374535,0,
374635,0,374635,0,
374736,0,374737,0,
374837,0,374837,0,
374937,0,374938,0,
375037,0,375038,0,
375138,0,375140,0,
375238,0,375239,0,
375339,0,375340,0,
375439,0,375440,0,
375540,0,375540,0,
375640,0,375641,0,
375741,0,375741,0,
375841,0,375842,0,
375942,0,375943,0,
376043,0,376044,0,
376143,0,376144,0,
376244,0,376244,0,
376344,0,376345,0,
376445,0,376447,0,
376545,0,376548,0,
376649,0,376651,0,
376750,0,376751,0,
376850,0,376851,0,
376951,0,376952,0,
377052,0,377053,0,
377153,0,377153,0,
377253,0,377254,0,
377354,0,377354,0,
377455,0,377455,0,
377555,0,377556,0,
377656,0,377656,0,
377757,0,377757,0,
377858,0,377859,0,
377959,0,377959,0,
378059,0,378060,0,
378160,0,378160,0,
378260,0,378261,0,
378361,0,378362,0,
378462,0,378463,0,
378563,0,378563,0,
378664,0,378665,0,
378764,0,378765,0,
378865,0,378866,0,
378966,0,378967,0,
379066,0,379067,0,
379167,0,379167,0,
379268,0,379268,0,
379368,0,379369,0,
379469,0,379470,0,
379570,0,379571,0,
379671,0,379671,0,
379772,0,379773,0,
379872,0,379873,0,
379973,0,379974,0,
380074,0,380074,0,
380175,0,380175,0,
380276,0,380276,0,
380376,0,380376,0,
380476,0,380477,0,
380577,0,380578,0,
380678,0,380678,0,
380780,0,380780,0,
380879,0,380881,0,
380980,0,380981,0,
381082,0,381083,0,
381183,0,381183,0,
381283,0,381284,0,
381384,0,381385,0,
381485,0,381488,0,
381586,0,381586,0,
381686,0,381687,0,
381787,0,381787,0,
381887,0,381888,0,
381988,0,381989,0,
382089,0,382090,0,
382189,0,382190,0,
382290,0,382290,0,
382391,0,382391,0,
382492,0,382492,0,
382592,0,382593,0,
382693,0,382694,0,
382793,0,382794,0,
382894,0,382895,0,
382995,0,382998,0,
383096,0,383098,0,
383198,0,383199,0,
383299,0,383299,0,
383399,0,383400,0,
383500,0,383500,0,
383600,0,383601,0,
383701,0,383702,0,
383803,0,383804,0,
383903,0,383904,0,
384004,0,384005,0,
384105,0,384106,0,
384206,0,384207,0,
384307,0,384307,0,
384408,0,384408,0,
384509,0,384509,0,
384609,0,384610,0,
384710,0,384710,0,
384811,0,384811,0,
384912,0,384913,0,
385014,0,385015,0,
385113,0,385113,0,
385214,0,385215,0,
385314,0,385315,0,
385415,0,385416,0,
385517,0,385518,0,
385617,0,385617,0,
385717,0,385718,0,
385818,0,385818,0,
385918,0,385919,0,
386020,0,386020,0,
386120,0,386120,0,
386220,0,386221,0,
386321,0,386321,0,
386422,0,386423,0,
386522,0,386523,0,
386623,0,386624,0,
386674,0,386674,0,
386774,0,386775,0,
386876,0,386876,0,
386979,0,386983,0,
387077,0,387080,0,
387181,0,387183,0,
387280,0,387281,0,
387381,0,387382,0,
387482,0,387482,0,
387582,0,387583,0,
387683,0,387683,0,
387784,0,387784,0,
387884,0,387885,0,
387985,0,387985,0,
388085,0,388086,0,
388186,0,388186,0,
388287,0,388288,0,
388387,0,388388,0,
388488,0,388488,0,
388589,0,388590,0,
388691,0,388692,0,
388791,0,388791,0,
388892,0,388892,0,
388992,0,388993,0,
389092,0,389093,0,
389193,0,389193,0,
389294,0,389294,0,
389394,0,389395,0,
389495,0,389496,0,
389599,0,389601,0,
389697,0,389698,0,
389798,0,389799,0,
389899,0,389899,0,
390000,0,390001,0,
390101,0,390101,0,
390202,0,390202,0,
390302,0,390303,0,
390403,0,390404,0,
390505,0,390507,0,
390604,0,390605,0,
390705,0,390706,0,
390807,0,390808,0,
390907,0,390908,0,
391009,0,391009,0,
391109,0,391110,0,
391210,0,391210,0,
391311,0,391312,0,
391411,0,391412,0,
391512,0,391512,0,
391613,0,391614,0,
391716,0,391717,0,
391814,0,391815,0,
391917,0,391917,0,
392017,0,392018,0,
392118,0,392119,0,
392220,0,392221,0,
392320,0,392321,0,
392421,0,392421,0,
392522,0,392523,0,
392624,0,392624,0,
392723,0,392724,0,
392824,0,392825,0,
392925,0,392926,0,
393026,0,393027,0,
393126,0,393127,0,
393227,0,393227,0,
393327,0,393328,0,
393428,0,393429,0,
393529,0,393530,0,
393630,0,393630,0,
393730,0,393731,0,
393831,0,393832,0,
393932,0,393933,0,
394032,0,394032,0,
394133,0,394134,0,
394233,0,394233,0,
394334,0,394334,0,
394435,0,394435,0,
394536,0,394537,0,
394636,0,394637,0,
394737,0,394737,0,
394838,0,394840,0,
394940,0,394941,0,
395041,0,395041,0,
395141,0,395142,0,
395242,0,395243,0,
395343,0,395344,0,
395444,0,395444,0,
395544,0,395544,0,
395645,0,395647,0,
395746,0,395749,0,
395847,0,395848,0,
395948,0,395950,0,
396049,0,396050,0,
396149,0,396150,0,
396249,0,396250,0,
396350,0,396350,0,
396451,0,396452,0,
396553,0,396555,0,
396653,0,396653,0,
396753,0,396754,0,
396854,0,396855,0,
396955,0,396956,0,
397061,0,397065,0,
397112,0,397113,0,
397212,0,397212,0,
397313,0,397314,0,
397414,0,397415,0,
397515,0,397515,0,
397615,0,397617,0,
397716,0,397718,0,
397817,0,397818,0,
397917,0,397917,0,
398017,0,398018,0,
398118,0,398119,0,
398219,0,398219,0,
398319,0,398320,0,
398421,0,398421,0,
398520,0,398521,0,
398621,0,398621,0,
398721,0,398722,0,
398822,0,398822,0,
398923,0,398923,0,
399023,0,399023,0,
399124,0,399125,0,
399224,0,399225,0,
399324,0,399325,0,
399425,0,399425,0,
399525,0,399526,0,
399626,0,399627,0,
399727,0,399727,0,
399827,0,399828,0,
399929,0,399930,0,
400029,0,400030,0,
400131,0,400136,0,
400230,0,400231,0,
400331,0,400332,0,
400432,0,400433,0,
400532,0,400533,0,
400633,0,400634,0,
400734,0,400734,0,
400834,0,400835,0,
400935,0,400937,0,
401036,0,401037,0,
401136,0,401137,0,
401237,0,401238,0,
401339,0,401341,0,
401439,0,401440,0,
401540,0,401540,0,
401640,0,401641,0,
401741,0,401741,0,
401842,0,401843,0,
401942,0,401943,0,
402043,0,402044,0,
402143,0,402144,0,
402244,0,402244,0,
402344,0,402345,0,
402445,0,402445,0,
402547,0,402548,0,
402648,0,402650,0,
402748,0,402749,0,
402850,0,402851,0,
402949,0,402950,0,
403050,0,403050,0,
403150,0,403151,0,
403250,0,403251,0,
403351,0,403351,0,
403451,0,403452,0,
403552,0,403553,0,
403653,0,403654,0,
403753,0,403754,0,
403854,0,403854,0,
403954,0,403955,0,
404055,0,404055,0,
404155,0,404156,0,
404256,0,404256,0,
404356,0,404356,0,
404457,0,404457,0,
404557,0,404558,0,
404658,0,404659,0,
404759,0,404760,0,
404860,0,404860,0,
404960,0,404960,0,
405060,0,405061,0,
405161,0,405161,0,
405266,0,405268,0,
405364,0,405366,0,
405463,0,405464,0,
405564,0,405565,0,
405665,0,405666,0,
405765,0,405766,0,
405866,0,405867,0,
405968,0,405968,0,
406068,0,406069,0,
406169,0,406169,0,
406269,0,406270,0,
406370,0,406371,0,
406470,0,406471,0,
406570,0,406571,0,
406672,0,406673,0,
406772,0,406772,0,
406872,0,406873,0,
406973,0,406974,0,
407074,0,407074,0,
407174,0,407175,0,
407275,0,407276,0,
407376,0,407376,0,
407476,0,407477,0,
407577,0,407578,0,
407678,0,407678,0,
407779,0,407779,0,
407879,0,407880,0,
407980,0,407981,0,
408081,0,408082,0,
408182,0,408183,0,
408283,0,408283,0,
408385,0,408389,0,
408485,0,408486,0,
408586,0,408586,0,
408687,0,408688,0,
408787,0,408788,0,
408888,0,408888,0,
408990,0,408990,0,
409091,0,409091,0,
409191,0,409192,0,
409292,0,409292,0,
409392,0,409392,0,
409493,0,409494,0,
409594,0,409596,0,
409698,0,409699,0,
409797,0,409797,0,
409897,0,409898,0,
409997,0,409998,0,
410100,0,410101,0,
410201,0,410202,0,
410304,0,410305,0,
410404,0,410404,0,
410504,0,410505,0,
410605,0,410605,0,
410706,0,410707,0,
410806,0,410807,0,
410907,0,410908,0,
411008,0,411009,0,
411059,0,411059,0,
411159,0,411161,0,
411259,0,411260,0,
411360,0,411360,0,
411460,0,411461,0,
411560,0,411562,0,
411711,0,411712,0,
411812,0,411814,0,
411912,0,411913,0,
412014,0,412015,0,
412114,0,412115,0,
412215,0,412217,0,
412266,0,412266,0,
412366,0,412366,0,
412467,0,412468,0,
412567,0,412568,0,
412668,0,412668,0,
412769,0,412769,0,
412869,0,412870,0,
412970,0,412971,0,
413071,0,413071,0,
413172,0,413173,0,
413273,0,413273,0,
413373,0,413374,0,
413474,0,413475,0,
413575,0,413576,0,
413676,0,413676,0,
413776,0,413777,0,
413879,0,413880,0,
413978,0,413979,0,
414078,0,414079,0,
414180,0,414180,0,
414280,0,414281,0,
414383,0,414384,0,
414482,0,414483,0,
414583,0,414584,0,
414684,0,414685,0,
414785,0,414786,0,
414886,0,414886,0,
414987,0,414988,0,
415087,0,415087,0,
415188,0,415188,0,
415289,0,415290,0,
415390,0,415391,0,
415490,0,415491,0,
415590,0,415591,0,
415691,0,415692,0,
415792,0,415793,0,
415892,0,415893,0,
415993,0,415993,0,
416094,0,416094,0,
416194,0,416195,0,
416296,0,416297,0,
416395,0,416396,0,
416498,0,416499,0,
416600,0,416601,0,
416701,0,416702,0,
416803,0,416804,0,
416904,0,416905,0,
417004,0,417005,0,
417105,0,417106,0,
417205,0,417206,0,
417306,0,417307,0,
417407,0,417408,0,
417508,0,417509,0,
417610,0,417611,0,
417712,0,417716,0,
417812,0,417813,0,
417913,0,417914,0,
418015,0,418016,0,
418116,0,418116,0,
418217,0,418217,0,
418319,0,418320,0,
418418,0,418419,0,
418519,0,418520,0,
418619,0,418620,0,
418719,0,418720,0,
418820,0,418821,0,
418921,0,418922,0,
419022,0,419023,0,
419123,0,419124,0,
419224,0,419224,0,
419324,0,419325,0,
419425,0,419425,0,
419526,0,419526,0,
419626,0,419627,0,
419727,0,419728,0,
419828,0,419828,0,
419928,0,419929,0,
420029,0,420030,0,
420131,0,420132,0,
420231,0,420232,0,
420334,0,420335,0,
420440,0,420440,0,
420541,0,420541,0,
420641,0,420641,0,
420742,0,420742,0,
420842,0,420843,0,
420943,0,420945,0,
421043,0,421044,0,
421144,0,421144,0,
421244,0,421245,0,
421346,0,421346,0,
421445,0,421446,0,
421546,0,421546,0,
421647,0,421648,0,
421749,0,421750,0,
421850,0,421851,0,
421950,0,421951,0,
422051,0,422052,0,
422152,0,422152,0,
422252,0,422252,0,
422352,0,422353,0,
422453,0,422453,0,
422553,0,422554,0,
422653,0,422654,0,
422754,0,422754,0,
422854,0,422854,0,
422954,0,422954,0,
423054,0,423055,0,
423155,0,423155,0,
423255,0,423255,0,
423355,0,423356,0,
423455,0,423456,0,
423556,0,423556,0,
423656,0,423657,0,
423757,0,423758,0,
423857,0,423858,0,
423958,0,423959,0,
424058,0,424058,0,
424158,0,424159,0,
424258,0,424259,0,
424359,0,424359,0,
424459,0,424460,0,
424559,0,424560,0,
424660,0,424660,0,
424761,0,424761,0,
424861,0,424862,0,
424962,0,424963,0,
425063,0,425063,0,
425164,0,425164,0,
425268,0,425270,0,
425368,0,425376,0,
425468,0,425469,0,
425568,0,425569,0,
425669,0,425670,0,
425771,0,425771,0,
425872,0,425874,0,
425973,0,425974,0,
426074,0,426074,0,
426174,0,426175,0,
426275,0,426276,0,
426376,0,426377,0,
426477,0,426477,0,
426578,0,426578,0,
426679,0,426679,0,
426780,0,426781,0,
426880,0,426881,0,
426982,0,426982,0,
427082,0,427083,0,
427183,0,427184,0,
427284,0,427284,0,
427385,0,427388,0,
427486,0,427489,0,
427586,0,427587,0,
427686,0,427687,0,
427787,0,427788,0,
427888,0,427889,0,
427989,0,427990,0,
428039,0,428040,0,
428140,0,428141,0,
428240,0,428241,0,
428341,0,428341,0,
428441,0,428442,0,
428542,0,428543,0,
428643,0,428644,0,
428744,0,428744,0,
428844,0,428845,0,
428945,0,428946,0,
429048,0,429049,0,
429148,0,429148,0,
429248,0,429248,0,
429352,0,429353,0,
429450,0,429452,0,
429552,0,429553,0,
429653,0,429653,0,
429754,0,429754,0,
429854,0,429855,0,
429955,0,429956,0,
430056,0,430057,0,
430157,0,430158,0,
430259,0,430259,0,
430360,0,430360,0,
430460,0,430461,0,
430563,0,430567,0,
430663,0,430665,0,
430764,0,430765,0,
430865,0,430866,0,
430965,0,430966,0,
431067,0,431067,0,
431167,0,431168,0,
431268,0,431269,0,
431369,0,431369,0,
431470,0,431471,0,
431571,0,431572,0,
431672,0,431672,0,
431773,0,431773,0,
431874,0,431874,0,
431975,0,431976,0,
432076,0,432076,0,
432177,0,432177,0,
432278,0,432279,0,
432380,0,432381,0,
432481,0,432482,0,
432582,0,432584,0,
432684,0,432684,0,
432784,0,432785,0,
432885,0,432886,0,
432986,0,432987,0,
433088,0,433088,0,
433189,0,433190,0,
433289,0,433290,0,
433390,0,433391,0,
433491,0,433491,0,
433592,0,433593,0,
433693,0,433694,0,
433794,0,433795,0,
433895,0,433895,0,
433996,0,433997,0,
434097,0,434099,0,
434198,0,434198,0,
434301,0,434302,0,
434400,0,434401,0,
434500,0,434501,0,
434602,0,434603,0,
434703,0,434703,0,
434803,0,434804,0,
434904,0,434905,0,
435006,0,435006,0,
435106,0,435107,0,
435207,0,435208,0,
435308,0,435310,0,
435410,0,435410,0,
435511,0,435511,0,
435612,0,435613,0,
435712,0,435713,0,
435813,0,435814,0,
435914,0,435915,0,
436015,0,436016,0,
436116,0,436117,0,
436217,0,436217,0,
436318,0,436319,0,
436419,0,436420,0,
436519,0,436520,0,
436623,0,436623,0,
436723,0,436724,0,
436824,0,436825,0,
436925,0,436927,0,
437026,0,437027,0,
437127,0,437127,0,
437228,0,437229,0,
437330,0,437332,0,
437430,0,437431,0,
437531,0,437532,0,
437633,0,437634,0,
437733,0,437733,0,
437834,0,437834,0,
437935,0,437936,0,
438036,0,438037,0,
438137,0,438138,0,
438239,0,438240,0,
438339,0,438340,0,
438440,0,438441,0,
438541,0,438542,0,
438642,0,438643,0,
438743,0,438744,0,
438844,0,438845,0,
438894,0,438895,0,
438995,0,438998,0,
439097,0,439098,0,
439198,0,439198,0,
439298,0,439298,0,
439400,0,439400,0,
439504,0,439505,0,
439605,0,439606,0,
439705,0,439706,0,
439806,0,439806,0,
439907,0,439908,0,
440008,0,440008,0,
440109,0,440109,0,
440210,0,440210,0,
440311,0,440311,0,
440412,0,440412,0,
440512,0,440513,0,
440614,0,440615,0,
440714,0,440715,0,
440815,0,440817,0,
440917,0,440918,0,
441017,0,441018,0,
441118,0,441119,0,
441219,0,441220,0,
441320,0,441321,0,
441421,0,441422,0,
441522,0,441523,0,
441623,0,441624,0,
441723,0,441724,0,
441824,0,441825,0,
441925,0,441926,0,
442026,0,442027,0,
442127,0,442128,0,
442228,0,442229,0,
442329,0,442329,0,
442430,0,442431,0,
442531,0,442532,0,
442633,0,442634,0,
442733,0,442734,0,
442833,0,442834,0,
442934,0,442935,0,
443035,0,443037,0,
443136,0,443137,0,
443237,0,443237,0,
443338,0,443339,0,
443438,0,443439,0,
443539,0,443540,0,
443640,0,443641,0,
443741,0,443741,0,
443842,0,443842,0,
443943,0,443944,0,
444043,0,444044,0,
444144,0,444145,0,
444245,0,444246,0,
444346,0,444347,0,
444447,0,444448,0,
444548,0,444549,0,
444649,0,444650,0,
444750,0,444750,0,
444850,0,444851,0,
444951,0,444952,0,
445052,0,445054,0,
445154,0,445155,0,
445254,0,445256,0,
445356,0,445357,0,
,,,,

System Statistics:
Sensor Id,Name,Type,Average
400,"GPU Frequency",GPU Frequency [KHz],0.0
401,"GPU Load",GPU Load [%],0.0


